/home/nlp/matan_avitan/.conda/envs/py312/lib/python3.12/site-packages/torch/cuda/__init__.py:283: UserWarning: 
    Found GPU0 NVIDIA B200 which is of cuda capability 10.0.
    Minimum and Maximum cuda capability supported by this version of PyTorch is
    (5.0) - (9.0)
    
  warnings.warn(
/home/nlp/matan_avitan/.conda/envs/py312/lib/python3.12/site-packages/torch/cuda/__init__.py:304: UserWarning: 
    Please install PyTorch with a following CUDA
    configurations:  12.8 12.9 following instructions at
    https://pytorch.org/get-started/locally/
    
  warnings.warn(matched_cuda_warn.format(matched_arches))
/home/nlp/matan_avitan/.conda/envs/py312/lib/python3.12/site-packages/torch/cuda/__init__.py:326: UserWarning: 
NVIDIA B200 with CUDA capability sm_100 is not compatible with the current PyTorch installation.
The current PyTorch install supports CUDA capabilities sm_50 sm_60 sm_70 sm_75 sm_80 sm_86 sm_90.
If you want to use the NVIDIA B200 GPU with PyTorch, please check the instructions at https://pytorch.org/get-started/locally/

  warnings.warn(
/home/nlp/matan_avitan/git/nopos_locating_new/nanoGPT/train_nope.py:262: FutureWarning: `torch.cuda.amp.GradScaler(args...)` is deprecated. Please use `torch.amp.GradScaler('cuda', args...)` instead.
  scaler = torch.cuda.amp.GradScaler(enabled=(dtype == "float16"))
wandb: Currently logged in as: matan_avitan to https://api.wandb.ai. Use `wandb login --relogin` to force relogin
wandb: setting up run xrczq5ze
wandb: Tracking run with wandb version 0.23.1
wandb: Run data is saved locally in /home/nlp/matan_avitan/git/nopos_locating_new/nanoGPT/wandb/run-20260112_183546-xrczq5ze
wandb: Run `wandb offline` to turn off syncing.
wandb: Syncing run nope-owt-bn2-12layer
wandb: ⭐️ View project at https://wandb.ai/matan_avitan/nope-emergence
wandb: 🚀 View run at https://wandb.ai/matan_avitan/nope-emergence/runs/xrczq5ze
Overriding config with config/train_nope_owt_bn2_12layer.py:
# Training config for 12-layer NoPE transformer with BatchNorm2 on OpenWebText
# Tests hypothesis: Does BatchNorm preserve population positional statistics in deeper models?
#
# Key features:
# - No positional embeddings (NoPE mode)
# - BatchNorm for second normalization (instead of LayerNorm)
# - 12 layers (GPT-2 small scale)
# - OpenWebText dataset (~9B tokens)
#
# Hypothesis: LayerNorm normalizes per-sample, potentially destroying population
# statistics that encode position. BatchNorm normalizes across the batch,
# potentially preserving population-level mean/variance positional signals.
#
# Run with:
#   CUDA_VISIBLE_DEVICES=0 python train_nope.py config/train_nope_owt_bn2_12layer.py

# I/O
out_dir = "out-nope-owt-bn2-12layer"
eval_interval = 500  # Checkpoint every 500 iters for resumability
eval_iters = 200
log_interval = 50

always_save_checkpoint = True
init_from = "scratch"

# Wandb logging
wandb_log = True
wandb_project = "nope-emergence"
wandb_run_name = "nope-owt-bn2-12layer"

# Data
dataset = "openwebtext"
gradient_accumulation_steps = (
    1  # No accumulation - BatchNorm needs large batch per forward
)
batch_size = (
    128  # Large batch for BatchNorm population statistics (128 * 512 = 65K tokens)
)
block_size = 512  # Context length

# Model architecture - 12 layers (GPT-2 small scale)
n_layer = 12
n_head = 12
n_embd = 768
dropout = 0.0
bias = False

# NoPE-specific settings
use_positional_embedding = False
norm_type = "layernorm"  # LN for first norm
log_attention_stats = True
skip_ln2 = False
use_batchnorm_ln2 = True  # KEY: Use BatchNorm for ln_2

# Optimizer
learning_rate = 6e-4
max_iters = 50000
lr_decay_iters = 50000
min_lr = 6e-5
weight_decay = 0.1
beta1 = 0.9
beta2 = 0.95
grad_clip = 1.0
warmup_iters = 2000

# System
device = "cuda"
compile = True
dtype = "bfloat16"
seed = 42

# Stability tracking
track_stability = True
stability_log_interval = 100

tokens per iteration will be: 65,536
Initializing a new NoPE model from scratch
defaulting to vocab_size of GPT-2: 50304

============================================================
NoPE GPT Model Initialized
============================================================
  Positional Embedding: False
  Normalization Type:   layernorm
  Layers:               12
  Heads:                12
  Embedding Dim:        768
  Block Size:           512
  Vocab Size:           50304
  Attention Stats:      True
  Skip LN2:             False
  Use BatchNorm LN2:    True
  Parameters:           123.60M
============================================================

num decayed parameter tensors: 49, with 123,568,128 parameters
num non-decayed parameter tensors: 37, with 28,416 parameters
using fused AdamW: True
compiling the model... (takes a ~minute)

Starting training for 50000 iterations...
  Model: NoPE GPT with layernorm
  Positional Embedding: False
  Dataset: openwebtext
  Batch size: 128 x 1 = 128
  Block size: 512
  Learning rate: 0.0006 -> 6e-05

Traceback (most recent call last):
  File "/home/nlp/matan_avitan/git/nopos_locating_new/nanoGPT/train_nope.py", line 383, in <module>
    losses = estimate_loss()
             ^^^^^^^^^^^^^^^
  File "/home/nlp/matan_avitan/.conda/envs/py312/lib/python3.12/site-packages/torch/utils/_contextlib.py", line 120, in decorate_context
    return func(*args, **kwargs)
           ^^^^^^^^^^^^^^^^^^^^^
  File "/home/nlp/matan_avitan/git/nopos_locating_new/nanoGPT/train_nope.py", line 296, in estimate_loss
    logits, loss = model(X, Y)
                   ^^^^^^^^^^^
  File "/home/nlp/matan_avitan/.conda/envs/py312/lib/python3.12/site-packages/torch/_dynamo/eval_frame.py", line 375, in __call__
    return super().__call__(*args, **kwargs)
           ^^^^^^^^^^^^^^^^^^^^^^^^^^^^^^^^^
  File "/home/nlp/matan_avitan/.conda/envs/py312/lib/python3.12/site-packages/torch/nn/modules/module.py", line 1773, in _wrapped_call_impl
    return self._call_impl(*args, **kwargs)
           ^^^^^^^^^^^^^^^^^^^^^^^^^^^^^^^^
  File "/home/nlp/matan_avitan/.conda/envs/py312/lib/python3.12/site-packages/torch/nn/modules/module.py", line 1784, in _call_impl
    return forward_call(*args, **kwargs)
           ^^^^^^^^^^^^^^^^^^^^^^^^^^^^^
  File "/home/nlp/matan_avitan/.conda/envs/py312/lib/python3.12/site-packages/torch/_dynamo/eval_frame.py", line 749, in compile_wrapper
    raise e.remove_dynamo_frames() from None  # see TORCHDYNAMO_VERBOSE=1
    ^^^^^^^^^^^^^^^^^^^^^^^^^^^^^^^^^^^^^^^^
  File "/home/nlp/matan_avitan/.conda/envs/py312/lib/python3.12/site-packages/torch/_dynamo/output_graph.py", line 1871, in _call_user_compiler
    raise BackendCompilerFailed(
  File "/home/nlp/matan_avitan/.conda/envs/py312/lib/python3.12/site-packages/torch/_dynamo/output_graph.py", line 1846, in _call_user_compiler
    compiled_fn = compiler_fn(gm, example_inputs)
                  ^^^^^^^^^^^^^^^^^^^^^^^^^^^^^^^
  File "/home/nlp/matan_avitan/.conda/envs/py312/lib/python3.12/site-packages/torch/_dynamo/repro/after_dynamo.py", line 150, in __call__
    compiled_gm = compiler_fn(gm, example_inputs)
                  ^^^^^^^^^^^^^^^^^^^^^^^^^^^^^^^
  File "/home/nlp/matan_avitan/.conda/envs/py312/lib/python3.12/site-packages/torch/__init__.py", line 2380, in __call__
    return compile_fx(model_, inputs_, config_patches=self.config)
           ^^^^^^^^^^^^^^^^^^^^^^^^^^^^^^^^^^^^^^^^^^^^^^^^^^^^^^^
  File "/home/nlp/matan_avitan/.conda/envs/py312/lib/python3.12/site-packages/torch/_inductor/compile_fx.py", line 2418, in compile_fx
    return aot_autograd(
           ^^^^^^^^^^^^^
  File "/home/nlp/matan_avitan/.conda/envs/py312/lib/python3.12/site-packages/torch/_dynamo/backends/common.py", line 109, in __call__
    cg = aot_module_simplified(gm, example_inputs, **self.kwargs)
         ^^^^^^^^^^^^^^^^^^^^^^^^^^^^^^^^^^^^^^^^^^^^^^^^^^^^^^^^
  File "/home/nlp/matan_avitan/.conda/envs/py312/lib/python3.12/site-packages/torch/_functorch/aot_autograd.py", line 1199, in aot_module_simplified
    compiled_fn = AOTAutogradCache.load(
                  ^^^^^^^^^^^^^^^^^^^^^^
  File "/home/nlp/matan_avitan/.conda/envs/py312/lib/python3.12/site-packages/torch/_functorch/_aot_autograd/autograd_cache.py", line 1140, in load
    compiled_fn = dispatch_and_compile()
                  ^^^^^^^^^^^^^^^^^^^^^^
  File "/home/nlp/matan_avitan/.conda/envs/py312/lib/python3.12/site-packages/torch/_functorch/aot_autograd.py", line 1184, in dispatch_and_compile
    compiled_fn, _ = create_aot_dispatcher_function(
                     ^^^^^^^^^^^^^^^^^^^^^^^^^^^^^^^
  File "/home/nlp/matan_avitan/.conda/envs/py312/lib/python3.12/site-packages/torch/_functorch/aot_autograd.py", line 576, in create_aot_dispatcher_function
    return _create_aot_dispatcher_function(
           ^^^^^^^^^^^^^^^^^^^^^^^^^^^^^^^^
  File "/home/nlp/matan_avitan/.conda/envs/py312/lib/python3.12/site-packages/torch/_functorch/aot_autograd.py", line 836, in _create_aot_dispatcher_function
    compiled_fn, fw_metadata = compiler_fn(
                               ^^^^^^^^^^^^
  File "/home/nlp/matan_avitan/.conda/envs/py312/lib/python3.12/site-packages/torch/_functorch/_aot_autograd/jit_compile_runtime_wrappers.py", line 245, in aot_dispatch_base
    compiled_fw = compiler(fw_module, updated_flat_args)
                  ^^^^^^^^^^^^^^^^^^^^^^^^^^^^^^^^^^^^^^
  File "/home/nlp/matan_avitan/.conda/envs/py312/lib/python3.12/site-packages/torch/_functorch/aot_autograd.py", line 483, in __call__
    return self.compiler_fn(gm, example_inputs)
           ^^^^^^^^^^^^^^^^^^^^^^^^^^^^^^^^^^^^
  File "/home/nlp/matan_avitan/.conda/envs/py312/lib/python3.12/site-packages/torch/_inductor/compile_fx.py", line 2183, in fw_compiler_base
    _recursive_joint_graph_passes(gm)
  File "/home/nlp/matan_avitan/.conda/envs/py312/lib/python3.12/site-packages/torch/_inductor/compile_fx.py", line 492, in _recursive_joint_graph_passes
    joint_graph_passes(gm)
  File "/home/nlp/matan_avitan/.conda/envs/py312/lib/python3.12/site-packages/torch/_inductor/fx_passes/joint_graph.py", line 587, in joint_graph_passes
    GraphTransformObserver(graph, "constant_fold_uniform_value").apply_gm_pass(
  File "/home/nlp/matan_avitan/.conda/envs/py312/lib/python3.12/site-packages/torch/fx/passes/graph_transform_observer.py", line 78, in apply_gm_pass
    return pass_fn(self.gm)
           ^^^^^^^^^^^^^^^^
  File "/home/nlp/matan_avitan/.conda/envs/py312/lib/python3.12/site-packages/torch/_inductor/fx_passes/joint_graph.py", line 384, in constant_fold_uniform_value
    cf.run()
  File "/home/nlp/matan_avitan/.conda/envs/py312/lib/python3.12/site-packages/torch/_inductor/constant_folding.py", line 295, in run
    return super().run(initial_env=env)
           ^^^^^^^^^^^^^^^^^^^^^^^^^^^^
  File "/home/nlp/matan_avitan/.conda/envs/py312/lib/python3.12/site-packages/torch/fx/interpreter.py", line 173, in run
    self.env[node] = self.run_node(node)
                     ^^^^^^^^^^^^^^^^^^^
  File "/home/nlp/matan_avitan/.conda/envs/py312/lib/python3.12/site-packages/torch/_inductor/constant_folding.py", line 250, in run_node
    out = self._deduce_value(node)
          ^^^^^^^^^^^^^^^^^^^^^^^^
  File "/home/nlp/matan_avitan/.conda/envs/py312/lib/python3.12/site-packages/torch/_inductor/fx_passes/joint_graph.py", line 335, in _deduce_value
    return aten.full.default(*new_args, **node.kwargs)
           ^^^^^^^^^^^^^^^^^^^^^^^^^^^^^^^^^^^^^^^^^^^
  File "/home/nlp/matan_avitan/.conda/envs/py312/lib/python3.12/site-packages/torch/_ops.py", line 829, in __call__
    return self._op(*args, **kwargs)
           ^^^^^^^^^^^^^^^^^^^^^^^^^
torch._dynamo.exc.BackendCompilerFailed: backend='inductor' raised:
AcceleratorError: CUDA error: no kernel image is available for execution on the device
CUDA kernel errors might be asynchronously reported at some other API call, so the stacktrace below might be incorrect.
For debugging consider passing CUDA_LAUNCH_BLOCKING=1
Compile with `TORCH_USE_CUDA_DSA` to enable device-side assertions.


While executing %full : [num_users=1] = call_function[target=torch.ops.aten.full.default](args = ([512, 512], True), kwargs = {dtype: torch.bool, layout: torch.strided, device: cuda:0, pin_memory: False})
GraphModule: class <lambda>(torch.nn.Module):
    def forward(self, arg0_1: "i64[128, 512][512, 1]", arg1_1: "f32[50304, 768][768, 1]", arg2_1: "f32[768][1]", arg3_1: "f32[2304, 768][768, 1]", arg4_1: "f32[768, 768][768, 1]", arg5_1: "f32[768][1]", arg6_1: "f32[768][1]", arg7_1: "f32[768][1]", arg8_1: "f32[768][1]", arg9_1: "f32[3072, 768][768, 1]", arg10_1: "f32[768, 3072][3072, 1]", arg11_1: "f32[768][1]", arg12_1: "f32[2304, 768][768, 1]", arg13_1: "f32[768, 768][768, 1]", arg14_1: "f32[768][1]", arg15_1: "f32[768][1]", arg16_1: "f32[768][1]", arg17_1: "f32[768][1]", arg18_1: "f32[3072, 768][768, 1]", arg19_1: "f32[768, 3072][3072, 1]", arg20_1: "f32[768][1]", arg21_1: "f32[2304, 768][768, 1]", arg22_1: "f32[768, 768][768, 1]", arg23_1: "f32[768][1]", arg24_1: "f32[768][1]", arg25_1: "f32[768][1]", arg26_1: "f32[768][1]", arg27_1: "f32[3072, 768][768, 1]", arg28_1: "f32[768, 3072][3072, 1]", arg29_1: "f32[768][1]", arg30_1: "f32[2304, 768][768, 1]", arg31_1: "f32[768, 768][768, 1]", arg32_1: "f32[768][1]", arg33_1: "f32[768][1]", arg34_1: "f32[768][1]", arg35_1: "f32[768][1]", arg36_1: "f32[3072, 768][768, 1]", arg37_1: "f32[768, 3072][3072, 1]", arg38_1: "f32[768][1]", arg39_1: "f32[2304, 768][768, 1]", arg40_1: "f32[768, 768][768, 1]", arg41_1: "f32[768][1]", arg42_1: "f32[768][1]", arg43_1: "f32[768][1]", arg44_1: "f32[768][1]", arg45_1: "f32[3072, 768][768, 1]", arg46_1: "f32[768, 3072][3072, 1]", arg47_1: "f32[768][1]", arg48_1: "f32[2304, 768][768, 1]", arg49_1: "f32[768, 768][768, 1]", arg50_1: "f32[768][1]", arg51_1: "f32[768][1]", arg52_1: "f32[768][1]", arg53_1: "f32[768][1]", arg54_1: "f32[3072, 768][768, 1]", arg55_1: "f32[768, 3072][3072, 1]", arg56_1: "f32[768][1]", arg57_1: "f32[2304, 768][768, 1]", arg58_1: "f32[768, 768][768, 1]", arg59_1: "f32[768][1]", arg60_1: "f32[768][1]", arg61_1: "f32[768][1]", arg62_1: "f32[768][1]", arg63_1: "f32[3072, 768][768, 1]", arg64_1: "f32[768, 3072][3072, 1]", arg65_1: "f32[768][1]", arg66_1: "f32[2304, 768][768, 1]", arg67_1: "f32[768, 768][768, 1]", arg68_1: "f32[768][1]", arg69_1: "f32[768][1]", arg70_1: "f32[768][1]", arg71_1: "f32[768][1]", arg72_1: "f32[3072, 768][768, 1]", arg73_1: "f32[768, 3072][3072, 1]", arg74_1: "f32[768][1]", arg75_1: "f32[2304, 768][768, 1]", arg76_1: "f32[768, 768][768, 1]", arg77_1: "f32[768][1]", arg78_1: "f32[768][1]", arg79_1: "f32[768][1]", arg80_1: "f32[768][1]", arg81_1: "f32[3072, 768][768, 1]", arg82_1: "f32[768, 3072][3072, 1]", arg83_1: "f32[768][1]", arg84_1: "f32[2304, 768][768, 1]", arg85_1: "f32[768, 768][768, 1]", arg86_1: "f32[768][1]", arg87_1: "f32[768][1]", arg88_1: "f32[768][1]", arg89_1: "f32[768][1]", arg90_1: "f32[3072, 768][768, 1]", arg91_1: "f32[768, 3072][3072, 1]", arg92_1: "f32[768][1]", arg93_1: "f32[2304, 768][768, 1]", arg94_1: "f32[768, 768][768, 1]", arg95_1: "f32[768][1]", arg96_1: "f32[768][1]", arg97_1: "f32[768][1]", arg98_1: "f32[768][1]", arg99_1: "f32[3072, 768][768, 1]", arg100_1: "f32[768, 3072][3072, 1]", arg101_1: "f32[768][1]", arg102_1: "f32[2304, 768][768, 1]", arg103_1: "f32[768, 768][768, 1]", arg104_1: "f32[768][1]", arg105_1: "f32[768][1]", arg106_1: "f32[768][1]", arg107_1: "f32[768][1]", arg108_1: "f32[3072, 768][768, 1]", arg109_1: "f32[768, 3072][3072, 1]", arg110_1: "f32[768][1]", arg111_1: "i64[128, 512][512, 1]"):
         # File: /home/nlp/matan_avitan/git/nopos_locating_new/nanoGPT/model_nope.py:427 in forward, code: tok_emb = self.transformer.wte(idx)  # [b, t, n_embd]
        embedding: "f32[128, 512, 768][393216, 768, 1]" = torch.ops.aten.embedding.default(arg1_1, arg0_1);  arg0_1 = None
        
         # File: /home/nlp/matan_avitan/git/nopos_locating_new/nanoGPT/model_nope.py:31 in forward, code: return F.layer_norm(input, self.weight.shape, self.weight, self.bias, 1e-5)
        var_mean = torch.ops.aten.var_mean.correction(embedding, [2], correction = 0, keepdim = True)
        getitem: "f32[128, 512, 1][512, 1, 1]" = var_mean[0]
        getitem_1: "f32[128, 512, 1][512, 1, 1]" = var_mean[1];  var_mean = None
        add: "f32[128, 512, 1][512, 1, 1]" = torch.ops.aten.add.Tensor(getitem, 1e-05);  getitem = None
        rsqrt: "f32[128, 512, 1][512, 1, 1]" = torch.ops.aten.rsqrt.default(add);  add = None
        sub: "f32[128, 512, 768][393216, 768, 1]" = torch.ops.aten.sub.Tensor(embedding, getitem_1);  getitem_1 = None
        mul: "f32[128, 512, 768][393216, 768, 1]" = torch.ops.aten.mul.Tensor(sub, rsqrt);  sub = rsqrt = None
        mul_1: "f32[128, 512, 768][393216, 768, 1]" = torch.ops.aten.mul.Tensor(mul, arg2_1);  mul = arg2_1 = None
        
         # File: /home/nlp/matan_avitan/git/nopos_locating_new/nanoGPT/model_nope.py:127 in forward, code: q, k, v = self.c_attn(x).split(self.n_embd, dim=2)
        convert_element_type: "bf16[2304, 768][768, 1]" = torch.ops.prims.convert_element_type.default(arg3_1, torch.bfloat16);  arg3_1 = None
        convert_element_type_1: "bf16[128, 512, 768][393216, 768, 1]" = torch.ops.prims.convert_element_type.default(mul_1, torch.bfloat16);  mul_1 = None
        permute: "bf16[768, 2304][1, 768]" = torch.ops.aten.permute.default(convert_element_type, [1, 0]);  convert_element_type = None
        view: "bf16[65536, 768][768, 1]" = torch.ops.aten.view.default(convert_element_type_1, [65536, 768]);  convert_element_type_1 = None
        mm: "bf16[65536, 2304][2304, 1]" = torch.ops.aten.mm.default(view, permute);  view = permute = None
        view_1: "bf16[128, 512, 2304][1179648, 2304, 1]" = torch.ops.aten.view.default(mm, [128, 512, 2304]);  mm = None
        split = torch.ops.aten.split.Tensor(view_1, 768, 2);  view_1 = None
        getitem_2: "bf16[128, 512, 768][1179648, 2304, 1]" = split[0]
        getitem_3: "bf16[128, 512, 768][1179648, 2304, 1]" = split[1]
        getitem_4: "bf16[128, 512, 768][1179648, 2304, 1]" = split[2];  split = None
        
         # File: /home/nlp/matan_avitan/git/nopos_locating_new/nanoGPT/model_nope.py:128 in forward, code: k = k.view(B, T, self.n_head, C // self.n_head).transpose(
        view_2: "bf16[128, 512, 12, 64][1179648, 2304, 64, 1]" = torch.ops.aten.view.default(getitem_3, [128, 512, 12, 64]);  getitem_3 = None
        permute_1: "bf16[128, 12, 512, 64][1179648, 64, 2304, 1]" = torch.ops.aten.permute.default(view_2, [0, 2, 1, 3]);  view_2 = None
        
         # File: /home/nlp/matan_avitan/git/nopos_locating_new/nanoGPT/model_nope.py:131 in forward, code: q = q.view(B, T, self.n_head, C // self.n_head).transpose(
        view_3: "bf16[128, 512, 12, 64][1179648, 2304, 64, 1]" = torch.ops.aten.view.default(getitem_2, [128, 512, 12, 64]);  getitem_2 = None
        permute_2: "bf16[128, 12, 512, 64][1179648, 64, 2304, 1]" = torch.ops.aten.permute.default(view_3, [0, 2, 1, 3]);  view_3 = None
        
         # File: /home/nlp/matan_avitan/git/nopos_locating_new/nanoGPT/model_nope.py:134 in forward, code: v = v.view(B, T, self.n_head, C // self.n_head).transpose(
        view_4: "bf16[128, 512, 12, 64][1179648, 2304, 64, 1]" = torch.ops.aten.view.default(getitem_4, [128, 512, 12, 64]);  getitem_4 = None
        permute_3: "bf16[128, 12, 512, 64][1179648, 64, 2304, 1]" = torch.ops.aten.permute.default(view_4, [0, 2, 1, 3]);  view_4 = None
        
         # File: /home/nlp/matan_avitan/git/nopos_locating_new/nanoGPT/model_nope.py:150 in forward, code: att = (q @ k.transpose(-2, -1)) * (1.0 / math.sqrt(k.size(-1)))
        permute_4: "bf16[128, 12, 64, 512][1179648, 64, 1, 2304]" = torch.ops.aten.permute.default(permute_1, [0, 1, 3, 2]);  permute_1 = None
        expand: "bf16[128, 12, 512, 64][1179648, 64, 2304, 1]" = torch.ops.aten.expand.default(permute_2, [128, 12, 512, 64]);  permute_2 = None
        clone_1: "bf16[128, 12, 512, 64][393216, 32768, 64, 1]" = torch.ops.aten.clone.default(expand, memory_format = torch.contiguous_format);  expand = None
        view_5: "bf16[1536, 512, 64][32768, 64, 1]" = torch.ops.aten.view.default(clone_1, [1536, 512, 64]);  clone_1 = None
        expand_1: "bf16[128, 12, 64, 512][1179648, 64, 1, 2304]" = torch.ops.aten.expand.default(permute_4, [128, 12, 64, 512]);  permute_4 = None
        clone_2: "bf16[128, 12, 64, 512][393216, 32768, 512, 1]" = torch.ops.aten.clone.default(expand_1, memory_format = torch.contiguous_format);  expand_1 = None
        view_6: "bf16[1536, 64, 512][32768, 512, 1]" = torch.ops.aten.view.default(clone_2, [1536, 64, 512]);  clone_2 = None
        bmm: "bf16[1536, 512, 512][262144, 512, 1]" = torch.ops.aten.bmm.default(view_5, view_6);  view_5 = view_6 = None
        view_7: "bf16[128, 12, 512, 512][3145728, 262144, 512, 1]" = torch.ops.aten.view.default(bmm, [128, 12, 512, 512]);  bmm = None
        mul_2: "bf16[128, 12, 512, 512][3145728, 262144, 512, 1]" = torch.ops.aten.mul.Tensor(view_7, 0.125);  view_7 = None
        
         # File: /home/nlp/matan_avitan/git/nopos_locating_new/nanoGPT/model_nope.py:153 in forward, code: torch.ones(T, T, device=x.device, dtype=torch.bool), diagonal=1
        full: "b8[512, 512][512, 1]" = torch.ops.aten.full.default([512, 512], True, dtype = torch.bool, layout = torch.strided, device = device(type='cuda', index=0), pin_memory = False)
        
         # File: /home/nlp/matan_avitan/git/nopos_locating_new/nanoGPT/model_nope.py:152 in forward, code: causal_mask = torch.triu(
        iota: "i64[512][1]" = torch.ops.prims.iota.default(512, start = 0, step = 1, dtype = torch.int64, device = device(type='cuda', index=0), requires_grad = False)
        unsqueeze: "i64[1, 512][512, 1]" = torch.ops.aten.unsqueeze.default(iota, -2);  iota = None
        iota_1: "i64[512][1]" = torch.ops.prims.iota.default(512, start = 0, step = 1, dtype = torch.int64, device = device(type='cuda', index=0), requires_grad = False)
        unsqueeze_1: "i64[512, 1][1, 1]" = torch.ops.aten.unsqueeze.default(iota_1, -1);  iota_1 = None
        sub_1: "i64[512, 512][512, 1]" = torch.ops.aten.sub.Tensor(unsqueeze, unsqueeze_1);  unsqueeze = unsqueeze_1 = None
        ge: "b8[512, 512][512, 1]" = torch.ops.aten.ge.Scalar(sub_1, 1);  sub_1 = None
        logical_and: "b8[512, 512][512, 1]" = torch.ops.aten.logical_and.default(ge, full);  ge = full = None
        
         # File: /home/nlp/matan_avitan/git/nopos_locating_new/nanoGPT/model_nope.py:155 in forward, code: att = att.masked_fill(causal_mask, float("-inf"))
        scalar_tensor: "bf16[][]" = torch.ops.aten.scalar_tensor.default(-inf, dtype = torch.bfloat16, layout = torch.strided, device = device(type='cuda', index=0))
        where: "bf16[128, 12, 512, 512][3145728, 262144, 512, 1]" = torch.ops.aten.where.self(logical_and, scalar_tensor, mul_2);  logical_and = scalar_tensor = mul_2 = None
        
         # File: /home/nlp/matan_avitan/git/nopos_locating_new/nanoGPT/model_nope.py:156 in forward, code: att = F.softmax(att, dim=-1)
        convert_element_type_6: "f32[128, 12, 512, 512][3145728, 262144, 512, 1]" = torch.ops.prims.convert_element_type.default(where, torch.float32);  where = None
        amax: "f32[128, 12, 512, 1][6144, 512, 1, 1]" = torch.ops.aten.amax.default(convert_element_type_6, [-1], True)
        sub_2: "f32[128, 12, 512, 512][3145728, 262144, 512, 1]" = torch.ops.aten.sub.Tensor(convert_element_type_6, amax);  convert_element_type_6 = amax = None
        exp: "f32[128, 12, 512, 512][3145728, 262144, 512, 1]" = torch.ops.aten.exp.default(sub_2);  sub_2 = None
        sum_1: "f32[128, 12, 512, 1][6144, 512, 1, 1]" = torch.ops.aten.sum.dim_IntList(exp, [-1], True)
        div: "f32[128, 12, 512, 512][3145728, 262144, 512, 1]" = torch.ops.aten.div.Tensor(exp, sum_1);  exp = sum_1 = None
        
         # File: /home/nlp/matan_avitan/git/nopos_locating_new/nanoGPT/model_nope.py:163 in forward, code: y = att @ v  # (B, nh, T, T) x (B, nh, T, hs) -> (B, nh, T, hs)
        convert_element_type_7: "bf16[128, 12, 512, 512][3145728, 262144, 512, 1]" = torch.ops.prims.convert_element_type.default(div, torch.bfloat16);  div = None
        expand_2: "bf16[128, 12, 512, 512][3145728, 262144, 512, 1]" = torch.ops.aten.expand.default(convert_element_type_7, [128, 12, 512, 512]);  convert_element_type_7 = None
        view_8: "bf16[1536, 512, 512][262144, 512, 1]" = torch.ops.aten.view.default(expand_2, [1536, 512, 512]);  expand_2 = None
        expand_3: "bf16[128, 12, 512, 64][1179648, 64, 2304, 1]" = torch.ops.aten.expand.default(permute_3, [128, 12, 512, 64]);  permute_3 = None
        clone_4: "bf16[128, 12, 512, 64][393216, 32768, 64, 1]" = torch.ops.aten.clone.default(expand_3, memory_format = torch.contiguous_format);  expand_3 = None
        view_9: "bf16[1536, 512, 64][32768, 64, 1]" = torch.ops.aten.view.default(clone_4, [1536, 512, 64]);  clone_4 = None
        bmm_1: "bf16[1536, 512, 64][32768, 64, 1]" = torch.ops.aten.bmm.default(view_8, view_9);  view_8 = view_9 = None
        view_10: "bf16[128, 12, 512, 64][393216, 32768, 64, 1]" = torch.ops.aten.view.default(bmm_1, [128, 12, 512, 64]);  bmm_1 = None
        
         # File: /home/nlp/matan_avitan/git/nopos_locating_new/nanoGPT/model_nope.py:166 in forward, code: y = y.transpose(1, 2).contiguous().view(B, T, C)
        permute_5: "bf16[128, 512, 12, 64][393216, 64, 32768, 1]" = torch.ops.aten.permute.default(view_10, [0, 2, 1, 3]);  view_10 = None
        clone_5: "bf16[128, 512, 12, 64][393216, 768, 64, 1]" = torch.ops.aten.clone.default(permute_5, memory_format = torch.contiguous_format);  permute_5 = None
        view_11: "bf16[128, 512, 768][393216, 768, 1]" = torch.ops.aten.view.default(clone_5, [128, 512, 768]);  clone_5 = None
        
         # File: /home/nlp/matan_avitan/git/nopos_locating_new/nanoGPT/model_nope.py:169 in forward, code: y = self.resid_dropout(self.c_proj(y))
        convert_element_type_10: "bf16[768, 768][768, 1]" = torch.ops.prims.convert_element_type.default(arg4_1, torch.bfloat16);  arg4_1 = None
        permute_6: "bf16[768, 768][1, 768]" = torch.ops.aten.permute.default(convert_element_type_10, [1, 0]);  convert_element_type_10 = None
        view_12: "bf16[65536, 768][768, 1]" = torch.ops.aten.view.default(view_11, [65536, 768]);  view_11 = None
        mm_1: "bf16[65536, 768][768, 1]" = torch.ops.aten.mm.default(view_12, permute_6);  view_12 = permute_6 = None
        view_13: "bf16[128, 512, 768][393216, 768, 1]" = torch.ops.aten.view.default(mm_1, [128, 512, 768]);  mm_1 = None
        
         # File: /home/nlp/matan_avitan/git/nopos_locating_new/nanoGPT/model_nope.py:268 in forward, code: x = x + self.attn(self.ln_1(x))
        add_1: "f32[128, 512, 768][393216, 768, 1]" = torch.ops.aten.add.Tensor(embedding, view_13);  embedding = view_13 = None
        
         # File: /home/nlp/matan_avitan/git/nopos_locating_new/nanoGPT/model_nope.py:78 in forward, code: return self.bn(x.transpose(1, 2)).transpose(1, 2)
        permute_7: "f32[128, 768, 512][393216, 1, 768]" = torch.ops.aten.permute.default(add_1, [0, 2, 1])
        clone_7: "f32[128, 768, 512][393216, 512, 1]" = torch.ops.aten.clone.default(permute_7, memory_format = torch.contiguous_format);  permute_7 = None
        add_2: "f32[768][1]" = torch.ops.aten.add.Tensor(arg6_1, 1e-05);  arg6_1 = None
        sqrt: "f32[768][1]" = torch.ops.aten.sqrt.default(add_2);  add_2 = None
        reciprocal: "f32[768][1]" = torch.ops.aten.reciprocal.default(sqrt);  sqrt = None
        mul_3: "f32[768][1]" = torch.ops.aten.mul.Tensor(reciprocal, 1);  reciprocal = None
        unsqueeze_2: "f32[768, 1][1, 1]" = torch.ops.aten.unsqueeze.default(arg5_1, -1);  arg5_1 = None
        unsqueeze_3: "f32[768, 1][1, 1]" = torch.ops.aten.unsqueeze.default(mul_3, -1);  mul_3 = None
        sub_3: "f32[128, 768, 512][393216, 512, 1]" = torch.ops.aten.sub.Tensor(clone_7, unsqueeze_2);  clone_7 = unsqueeze_2 = None
        mul_4: "f32[128, 768, 512][393216, 512, 1]" = torch.ops.aten.mul.Tensor(sub_3, unsqueeze_3);  sub_3 = unsqueeze_3 = None
        unsqueeze_4: "f32[768, 1][1, 1]" = torch.ops.aten.unsqueeze.default(arg7_1, -1);  arg7_1 = None
        mul_5: "f32[128, 768, 512][393216, 512, 1]" = torch.ops.aten.mul.Tensor(mul_4, unsqueeze_4);  mul_4 = unsqueeze_4 = None
        unsqueeze_5: "f32[768, 1][1, 1]" = torch.ops.aten.unsqueeze.default(arg8_1, -1);  arg8_1 = None
        add_3: "f32[128, 768, 512][393216, 512, 1]" = torch.ops.aten.add.Tensor(mul_5, unsqueeze_5);  mul_5 = unsqueeze_5 = None
        permute_8: "f32[128, 512, 768][393216, 1, 512]" = torch.ops.aten.permute.default(add_3, [0, 2, 1]);  add_3 = None
        
         # File: /home/nlp/matan_avitan/git/nopos_locating_new/nanoGPT/model_nope.py:229 in forward, code: x = self.c_fc(x)
        convert_element_type_15: "bf16[3072, 768][768, 1]" = torch.ops.prims.convert_element_type.default(arg9_1, torch.bfloat16);  arg9_1 = None
        convert_element_type_16: "bf16[128, 512, 768][393216, 1, 512]" = torch.ops.prims.convert_element_type.default(permute_8, torch.bfloat16);  permute_8 = None
        permute_9: "bf16[768, 3072][1, 768]" = torch.ops.aten.permute.default(convert_element_type_15, [1, 0]);  convert_element_type_15 = None
        expand_4: "bf16[128, 512, 768][393216, 1, 512]" = torch.ops.aten.expand.default(convert_element_type_16, [128, 512, 768]);  convert_element_type_16 = None
        expand_5: "bf16[128, 768, 3072][0, 1, 768]" = torch.ops.aten.expand.default(permute_9, [128, 768, 3072]);  permute_9 = None
        bmm_2: "bf16[128, 512, 3072][1572864, 3072, 1]" = torch.ops.aten.bmm.default(expand_4, expand_5);  expand_4 = expand_5 = None
        
         # File: /home/nlp/matan_avitan/git/nopos_locating_new/nanoGPT/model_nope.py:230 in forward, code: x = self.gelu(x)
        convert_element_type_19: "f32[128, 512, 3072][1572864, 3072, 1]" = torch.ops.prims.convert_element_type.default(bmm_2, torch.float32);  bmm_2 = None
        mul_6: "f32[128, 512, 3072][1572864, 3072, 1]" = torch.ops.aten.mul.Tensor(convert_element_type_19, 0.5)
        mul_7: "f32[128, 512, 3072][1572864, 3072, 1]" = torch.ops.aten.mul.Tensor(convert_element_type_19, 0.7071067811865476);  convert_element_type_19 = None
        erf: "f32[128, 512, 3072][1572864, 3072, 1]" = torch.ops.aten.erf.default(mul_7);  mul_7 = None
        add_4: "f32[128, 512, 3072][1572864, 3072, 1]" = torch.ops.aten.add.Tensor(erf, 1);  erf = None
        mul_8: "f32[128, 512, 3072][1572864, 3072, 1]" = torch.ops.aten.mul.Tensor(mul_6, add_4);  mul_6 = add_4 = None
        convert_element_type_20: "bf16[128, 512, 3072][1572864, 3072, 1]" = torch.ops.prims.convert_element_type.default(mul_8, torch.bfloat16);  mul_8 = None
        
         # File: /home/nlp/matan_avitan/git/nopos_locating_new/nanoGPT/model_nope.py:231 in forward, code: x = self.c_proj(x)
        convert_element_type_21: "bf16[768, 3072][3072, 1]" = torch.ops.prims.convert_element_type.default(arg10_1, torch.bfloat16);  arg10_1 = None
        permute_10: "bf16[3072, 768][1, 3072]" = torch.ops.aten.permute.default(convert_element_type_21, [1, 0]);  convert_element_type_21 = None
        view_17: "bf16[65536, 3072][3072, 1]" = torch.ops.aten.view.default(convert_element_type_20, [65536, 3072]);  convert_element_type_20 = None
        mm_2: "bf16[65536, 768][768, 1]" = torch.ops.aten.mm.default(view_17, permute_10);  view_17 = permute_10 = None
        view_18: "bf16[128, 512, 768][393216, 768, 1]" = torch.ops.aten.view.default(mm_2, [128, 512, 768]);  mm_2 = None
        
         # File: /home/nlp/matan_avitan/git/nopos_locating_new/nanoGPT/model_nope.py:272 in forward, code: x = x + self.mlp(self.ln_2(x))
        add_5: "f32[128, 512, 768][393216, 768, 1]" = torch.ops.aten.add.Tensor(add_1, view_18);  add_1 = view_18 = None
        
         # File: /home/nlp/matan_avitan/git/nopos_locating_new/nanoGPT/model_nope.py:31 in forward, code: return F.layer_norm(input, self.weight.shape, self.weight, self.bias, 1e-5)
        var_mean_1 = torch.ops.aten.var_mean.correction(add_5, [2], correction = 0, keepdim = True)
        getitem_5: "f32[128, 512, 1][512, 1, 1]" = var_mean_1[0]
        getitem_6: "f32[128, 512, 1][512, 1, 1]" = var_mean_1[1];  var_mean_1 = None
        add_6: "f32[128, 512, 1][512, 1, 1]" = torch.ops.aten.add.Tensor(getitem_5, 1e-05);  getitem_5 = None
        rsqrt_1: "f32[128, 512, 1][512, 1, 1]" = torch.ops.aten.rsqrt.default(add_6);  add_6 = None
        sub_4: "f32[128, 512, 768][393216, 768, 1]" = torch.ops.aten.sub.Tensor(add_5, getitem_6);  getitem_6 = None
        mul_9: "f32[128, 512, 768][393216, 768, 1]" = torch.ops.aten.mul.Tensor(sub_4, rsqrt_1);  sub_4 = rsqrt_1 = None
        mul_10: "f32[128, 512, 768][393216, 768, 1]" = torch.ops.aten.mul.Tensor(mul_9, arg11_1);  mul_9 = arg11_1 = None
        
         # File: /home/nlp/matan_avitan/git/nopos_locating_new/nanoGPT/model_nope.py:127 in forward, code: q, k, v = self.c_attn(x).split(self.n_embd, dim=2)
        convert_element_type_24: "bf16[2304, 768][768, 1]" = torch.ops.prims.convert_element_type.default(arg12_1, torch.bfloat16);  arg12_1 = None
        convert_element_type_25: "bf16[128, 512, 768][393216, 768, 1]" = torch.ops.prims.convert_element_type.default(mul_10, torch.bfloat16);  mul_10 = None
        permute_11: "bf16[768, 2304][1, 768]" = torch.ops.aten.permute.default(convert_element_type_24, [1, 0]);  convert_element_type_24 = None
        view_19: "bf16[65536, 768][768, 1]" = torch.ops.aten.view.default(convert_element_type_25, [65536, 768]);  convert_element_type_25 = None
        mm_3: "bf16[65536, 2304][2304, 1]" = torch.ops.aten.mm.default(view_19, permute_11);  view_19 = permute_11 = None
        view_20: "bf16[128, 512, 2304][1179648, 2304, 1]" = torch.ops.aten.view.default(mm_3, [128, 512, 2304]);  mm_3 = None
        split_1 = torch.ops.aten.split.Tensor(view_20, 768, 2);  view_20 = None
        getitem_7: "bf16[128, 512, 768][1179648, 2304, 1]" = split_1[0]
        getitem_8: "bf16[128, 512, 768][1179648, 2304, 1]" = split_1[1]
        getitem_9: "bf16[128, 512, 768][1179648, 2304, 1]" = split_1[2];  split_1 = None
        
         # File: /home/nlp/matan_avitan/git/nopos_locating_new/nanoGPT/model_nope.py:128 in forward, code: k = k.view(B, T, self.n_head, C // self.n_head).transpose(
        view_21: "bf16[128, 512, 12, 64][1179648, 2304, 64, 1]" = torch.ops.aten.view.default(getitem_8, [128, 512, 12, 64]);  getitem_8 = None
        permute_12: "bf16[128, 12, 512, 64][1179648, 64, 2304, 1]" = torch.ops.aten.permute.default(view_21, [0, 2, 1, 3]);  view_21 = None
        
         # File: /home/nlp/matan_avitan/git/nopos_locating_new/nanoGPT/model_nope.py:131 in forward, code: q = q.view(B, T, self.n_head, C // self.n_head).transpose(
        view_22: "bf16[128, 512, 12, 64][1179648, 2304, 64, 1]" = torch.ops.aten.view.default(getitem_7, [128, 512, 12, 64]);  getitem_7 = None
        permute_13: "bf16[128, 12, 512, 64][1179648, 64, 2304, 1]" = torch.ops.aten.permute.default(view_22, [0, 2, 1, 3]);  view_22 = None
        
         # File: /home/nlp/matan_avitan/git/nopos_locating_new/nanoGPT/model_nope.py:134 in forward, code: v = v.view(B, T, self.n_head, C // self.n_head).transpose(
        view_23: "bf16[128, 512, 12, 64][1179648, 2304, 64, 1]" = torch.ops.aten.view.default(getitem_9, [128, 512, 12, 64]);  getitem_9 = None
        permute_14: "bf16[128, 12, 512, 64][1179648, 64, 2304, 1]" = torch.ops.aten.permute.default(view_23, [0, 2, 1, 3]);  view_23 = None
        
         # File: /home/nlp/matan_avitan/git/nopos_locating_new/nanoGPT/model_nope.py:150 in forward, code: att = (q @ k.transpose(-2, -1)) * (1.0 / math.sqrt(k.size(-1)))
        permute_15: "bf16[128, 12, 64, 512][1179648, 64, 1, 2304]" = torch.ops.aten.permute.default(permute_12, [0, 1, 3, 2]);  permute_12 = None
        expand_6: "bf16[128, 12, 512, 64][1179648, 64, 2304, 1]" = torch.ops.aten.expand.default(permute_13, [128, 12, 512, 64]);  permute_13 = None
        clone_9: "bf16[128, 12, 512, 64][393216, 32768, 64, 1]" = torch.ops.aten.clone.default(expand_6, memory_format = torch.contiguous_format);  expand_6 = None
        view_24: "bf16[1536, 512, 64][32768, 64, 1]" = torch.ops.aten.view.default(clone_9, [1536, 512, 64]);  clone_9 = None
        expand_7: "bf16[128, 12, 64, 512][1179648, 64, 1, 2304]" = torch.ops.aten.expand.default(permute_15, [128, 12, 64, 512]);  permute_15 = None
        clone_10: "bf16[128, 12, 64, 512][393216, 32768, 512, 1]" = torch.ops.aten.clone.default(expand_7, memory_format = torch.contiguous_format);  expand_7 = None
        view_25: "bf16[1536, 64, 512][32768, 512, 1]" = torch.ops.aten.view.default(clone_10, [1536, 64, 512]);  clone_10 = None
        bmm_3: "bf16[1536, 512, 512][262144, 512, 1]" = torch.ops.aten.bmm.default(view_24, view_25);  view_24 = view_25 = None
        view_26: "bf16[128, 12, 512, 512][3145728, 262144, 512, 1]" = torch.ops.aten.view.default(bmm_3, [128, 12, 512, 512]);  bmm_3 = None
        mul_11: "bf16[128, 12, 512, 512][3145728, 262144, 512, 1]" = torch.ops.aten.mul.Tensor(view_26, 0.125);  view_26 = None
        
         # File: /home/nlp/matan_avitan/git/nopos_locating_new/nanoGPT/model_nope.py:153 in forward, code: torch.ones(T, T, device=x.device, dtype=torch.bool), diagonal=1
        full_4: "b8[512, 512][512, 1]" = torch.ops.aten.full.default([512, 512], True, dtype = torch.bool, layout = torch.strided, device = device(type='cuda', index=0), pin_memory = False)
        
         # File: /home/nlp/matan_avitan/git/nopos_locating_new/nanoGPT/model_nope.py:152 in forward, code: causal_mask = torch.triu(
        iota_2: "i64[512][1]" = torch.ops.prims.iota.default(512, start = 0, step = 1, dtype = torch.int64, device = device(type='cuda', index=0), requires_grad = False)
        unsqueeze_6: "i64[1, 512][512, 1]" = torch.ops.aten.unsqueeze.default(iota_2, -2);  iota_2 = None
        iota_3: "i64[512][1]" = torch.ops.prims.iota.default(512, start = 0, step = 1, dtype = torch.int64, device = device(type='cuda', index=0), requires_grad = False)
        unsqueeze_7: "i64[512, 1][1, 1]" = torch.ops.aten.unsqueeze.default(iota_3, -1);  iota_3 = None
        sub_5: "i64[512, 512][512, 1]" = torch.ops.aten.sub.Tensor(unsqueeze_6, unsqueeze_7);  unsqueeze_6 = unsqueeze_7 = None
        ge_1: "b8[512, 512][512, 1]" = torch.ops.aten.ge.Scalar(sub_5, 1);  sub_5 = None
        logical_and_1: "b8[512, 512][512, 1]" = torch.ops.aten.logical_and.default(ge_1, full_4);  ge_1 = full_4 = None
        
         # File: /home/nlp/matan_avitan/git/nopos_locating_new/nanoGPT/model_nope.py:155 in forward, code: att = att.masked_fill(causal_mask, float("-inf"))
        scalar_tensor_1: "bf16[][]" = torch.ops.aten.scalar_tensor.default(-inf, dtype = torch.bfloat16, layout = torch.strided, device = device(type='cuda', index=0))
        where_1: "bf16[128, 12, 512, 512][3145728, 262144, 512, 1]" = torch.ops.aten.where.self(logical_and_1, scalar_tensor_1, mul_11);  logical_and_1 = scalar_tensor_1 = mul_11 = None
        
         # File: /home/nlp/matan_avitan/git/nopos_locating_new/nanoGPT/model_nope.py:156 in forward, code: att = F.softmax(att, dim=-1)
        convert_element_type_30: "f32[128, 12, 512, 512][3145728, 262144, 512, 1]" = torch.ops.prims.convert_element_type.default(where_1, torch.float32);  where_1 = None
        amax_1: "f32[128, 12, 512, 1][6144, 512, 1, 1]" = torch.ops.aten.amax.default(convert_element_type_30, [-1], True)
        sub_6: "f32[128, 12, 512, 512][3145728, 262144, 512, 1]" = torch.ops.aten.sub.Tensor(convert_element_type_30, amax_1);  convert_element_type_30 = amax_1 = None
        exp_1: "f32[128, 12, 512, 512][3145728, 262144, 512, 1]" = torch.ops.aten.exp.default(sub_6);  sub_6 = None
        sum_2: "f32[128, 12, 512, 1][6144, 512, 1, 1]" = torch.ops.aten.sum.dim_IntList(exp_1, [-1], True)
        div_1: "f32[128, 12, 512, 512][3145728, 262144, 512, 1]" = torch.ops.aten.div.Tensor(exp_1, sum_2);  exp_1 = sum_2 = None
        
         # File: /home/nlp/matan_avitan/git/nopos_locating_new/nanoGPT/model_nope.py:163 in forward, code: y = att @ v  # (B, nh, T, T) x (B, nh, T, hs) -> (B, nh, T, hs)
        convert_element_type_31: "bf16[128, 12, 512, 512][3145728, 262144, 512, 1]" = torch.ops.prims.convert_element_type.default(div_1, torch.bfloat16);  div_1 = None
        expand_8: "bf16[128, 12, 512, 512][3145728, 262144, 512, 1]" = torch.ops.aten.expand.default(convert_element_type_31, [128, 12, 512, 512]);  convert_element_type_31 = None
        view_27: "bf16[1536, 512, 512][262144, 512, 1]" = torch.ops.aten.view.default(expand_8, [1536, 512, 512]);  expand_8 = None
        expand_9: "bf16[128, 12, 512, 64][1179648, 64, 2304, 1]" = torch.ops.aten.expand.default(permute_14, [128, 12, 512, 64]);  permute_14 = None
        clone_12: "bf16[128, 12, 512, 64][393216, 32768, 64, 1]" = torch.ops.aten.clone.default(expand_9, memory_format = torch.contiguous_format);  expand_9 = None
        view_28: "bf16[1536, 512, 64][32768, 64, 1]" = torch.ops.aten.view.default(clone_12, [1536, 512, 64]);  clone_12 = None
        bmm_4: "bf16[1536, 512, 64][32768, 64, 1]" = torch.ops.aten.bmm.default(view_27, view_28);  view_27 = view_28 = None
        view_29: "bf16[128, 12, 512, 64][393216, 32768, 64, 1]" = torch.ops.aten.view.default(bmm_4, [128, 12, 512, 64]);  bmm_4 = None
        
         # File: /home/nlp/matan_avitan/git/nopos_locating_new/nanoGPT/model_nope.py:166 in forward, code: y = y.transpose(1, 2).contiguous().view(B, T, C)
        permute_16: "bf16[128, 512, 12, 64][393216, 64, 32768, 1]" = torch.ops.aten.permute.default(view_29, [0, 2, 1, 3]);  view_29 = None
        clone_13: "bf16[128, 512, 12, 64][393216, 768, 64, 1]" = torch.ops.aten.clone.default(permute_16, memory_format = torch.contiguous_format);  permute_16 = None
        view_30: "bf16[128, 512, 768][393216, 768, 1]" = torch.ops.aten.view.default(clone_13, [128, 512, 768]);  clone_13 = None
        
         # File: /home/nlp/matan_avitan/git/nopos_locating_new/nanoGPT/model_nope.py:169 in forward, code: y = self.resid_dropout(self.c_proj(y))
        convert_element_type_34: "bf16[768, 768][768, 1]" = torch.ops.prims.convert_element_type.default(arg13_1, torch.bfloat16);  arg13_1 = None
        permute_17: "bf16[768, 768][1, 768]" = torch.ops.aten.permute.default(convert_element_type_34, [1, 0]);  convert_element_type_34 = None
        view_31: "bf16[65536, 768][768, 1]" = torch.ops.aten.view.default(view_30, [65536, 768]);  view_30 = None
        mm_4: "bf16[65536, 768][768, 1]" = torch.ops.aten.mm.default(view_31, permute_17);  view_31 = permute_17 = None
        view_32: "bf16[128, 512, 768][393216, 768, 1]" = torch.ops.aten.view.default(mm_4, [128, 512, 768]);  mm_4 = None
        
         # File: /home/nlp/matan_avitan/git/nopos_locating_new/nanoGPT/model_nope.py:268 in forward, code: x = x + self.attn(self.ln_1(x))
        add_7: "f32[128, 512, 768][393216, 768, 1]" = torch.ops.aten.add.Tensor(add_5, view_32);  add_5 = view_32 = None
        
         # File: /home/nlp/matan_avitan/git/nopos_locating_new/nanoGPT/model_nope.py:78 in forward, code: return self.bn(x.transpose(1, 2)).transpose(1, 2)
        permute_18: "f32[128, 768, 512][393216, 1, 768]" = torch.ops.aten.permute.default(add_7, [0, 2, 1])
        clone_15: "f32[128, 768, 512][393216, 512, 1]" = torch.ops.aten.clone.default(permute_18, memory_format = torch.contiguous_format);  permute_18 = None
        add_8: "f32[768][1]" = torch.ops.aten.add.Tensor(arg15_1, 1e-05);  arg15_1 = None
        sqrt_1: "f32[768][1]" = torch.ops.aten.sqrt.default(add_8);  add_8 = None
        reciprocal_1: "f32[768][1]" = torch.ops.aten.reciprocal.default(sqrt_1);  sqrt_1 = None
        mul_12: "f32[768][1]" = torch.ops.aten.mul.Tensor(reciprocal_1, 1);  reciprocal_1 = None
        unsqueeze_8: "f32[768, 1][1, 1]" = torch.ops.aten.unsqueeze.default(arg14_1, -1);  arg14_1 = None
        unsqueeze_9: "f32[768, 1][1, 1]" = torch.ops.aten.unsqueeze.default(mul_12, -1);  mul_12 = None
        sub_7: "f32[128, 768, 512][393216, 512, 1]" = torch.ops.aten.sub.Tensor(clone_15, unsqueeze_8);  clone_15 = unsqueeze_8 = None
        mul_13: "f32[128, 768, 512][393216, 512, 1]" = torch.ops.aten.mul.Tensor(sub_7, unsqueeze_9);  sub_7 = unsqueeze_9 = None
        unsqueeze_10: "f32[768, 1][1, 1]" = torch.ops.aten.unsqueeze.default(arg16_1, -1);  arg16_1 = None
        mul_14: "f32[128, 768, 512][393216, 512, 1]" = torch.ops.aten.mul.Tensor(mul_13, unsqueeze_10);  mul_13 = unsqueeze_10 = None
        unsqueeze_11: "f32[768, 1][1, 1]" = torch.ops.aten.unsqueeze.default(arg17_1, -1);  arg17_1 = None
        add_9: "f32[128, 768, 512][393216, 512, 1]" = torch.ops.aten.add.Tensor(mul_14, unsqueeze_11);  mul_14 = unsqueeze_11 = None
        permute_19: "f32[128, 512, 768][393216, 1, 512]" = torch.ops.aten.permute.default(add_9, [0, 2, 1]);  add_9 = None
        
         # File: /home/nlp/matan_avitan/git/nopos_locating_new/nanoGPT/model_nope.py:229 in forward, code: x = self.c_fc(x)
        convert_element_type_39: "bf16[3072, 768][768, 1]" = torch.ops.prims.convert_element_type.default(arg18_1, torch.bfloat16);  arg18_1 = None
        convert_element_type_40: "bf16[128, 512, 768][393216, 1, 512]" = torch.ops.prims.convert_element_type.default(permute_19, torch.bfloat16);  permute_19 = None
        permute_20: "bf16[768, 3072][1, 768]" = torch.ops.aten.permute.default(convert_element_type_39, [1, 0]);  convert_element_type_39 = None
        expand_10: "bf16[128, 512, 768][393216, 1, 512]" = torch.ops.aten.expand.default(convert_element_type_40, [128, 512, 768]);  convert_element_type_40 = None
        expand_11: "bf16[128, 768, 3072][0, 1, 768]" = torch.ops.aten.expand.default(permute_20, [128, 768, 3072]);  permute_20 = None
        bmm_5: "bf16[128, 512, 3072][1572864, 3072, 1]" = torch.ops.aten.bmm.default(expand_10, expand_11);  expand_10 = expand_11 = None
        
         # File: /home/nlp/matan_avitan/git/nopos_locating_new/nanoGPT/model_nope.py:230 in forward, code: x = self.gelu(x)
        convert_element_type_43: "f32[128, 512, 3072][1572864, 3072, 1]" = torch.ops.prims.convert_element_type.default(bmm_5, torch.float32);  bmm_5 = None
        mul_15: "f32[128, 512, 3072][1572864, 3072, 1]" = torch.ops.aten.mul.Tensor(convert_element_type_43, 0.5)
        mul_16: "f32[128, 512, 3072][1572864, 3072, 1]" = torch.ops.aten.mul.Tensor(convert_element_type_43, 0.7071067811865476);  convert_element_type_43 = None
        erf_1: "f32[128, 512, 3072][1572864, 3072, 1]" = torch.ops.aten.erf.default(mul_16);  mul_16 = None
        add_10: "f32[128, 512, 3072][1572864, 3072, 1]" = torch.ops.aten.add.Tensor(erf_1, 1);  erf_1 = None
        mul_17: "f32[128, 512, 3072][1572864, 3072, 1]" = torch.ops.aten.mul.Tensor(mul_15, add_10);  mul_15 = add_10 = None
        convert_element_type_44: "bf16[128, 512, 3072][1572864, 3072, 1]" = torch.ops.prims.convert_element_type.default(mul_17, torch.bfloat16);  mul_17 = None
        
         # File: /home/nlp/matan_avitan/git/nopos_locating_new/nanoGPT/model_nope.py:231 in forward, code: x = self.c_proj(x)
        convert_element_type_45: "bf16[768, 3072][3072, 1]" = torch.ops.prims.convert_element_type.default(arg19_1, torch.bfloat16);  arg19_1 = None
        permute_21: "bf16[3072, 768][1, 3072]" = torch.ops.aten.permute.default(convert_element_type_45, [1, 0]);  convert_element_type_45 = None
        view_36: "bf16[65536, 3072][3072, 1]" = torch.ops.aten.view.default(convert_element_type_44, [65536, 3072]);  convert_element_type_44 = None
        mm_5: "bf16[65536, 768][768, 1]" = torch.ops.aten.mm.default(view_36, permute_21);  view_36 = permute_21 = None
        view_37: "bf16[128, 512, 768][393216, 768, 1]" = torch.ops.aten.view.default(mm_5, [128, 512, 768]);  mm_5 = None
        
         # File: /home/nlp/matan_avitan/git/nopos_locating_new/nanoGPT/model_nope.py:272 in forward, code: x = x + self.mlp(self.ln_2(x))
        add_11: "f32[128, 512, 768][393216, 768, 1]" = torch.ops.aten.add.Tensor(add_7, view_37);  add_7 = view_37 = None
        
         # File: /home/nlp/matan_avitan/git/nopos_locating_new/nanoGPT/model_nope.py:31 in forward, code: return F.layer_norm(input, self.weight.shape, self.weight, self.bias, 1e-5)
        var_mean_2 = torch.ops.aten.var_mean.correction(add_11, [2], correction = 0, keepdim = True)
        getitem_10: "f32[128, 512, 1][512, 1, 1]" = var_mean_2[0]
        getitem_11: "f32[128, 512, 1][512, 1, 1]" = var_mean_2[1];  var_mean_2 = None
        add_12: "f32[128, 512, 1][512, 1, 1]" = torch.ops.aten.add.Tensor(getitem_10, 1e-05);  getitem_10 = None
        rsqrt_2: "f32[128, 512, 1][512, 1, 1]" = torch.ops.aten.rsqrt.default(add_12);  add_12 = None
        sub_8: "f32[128, 512, 768][393216, 768, 1]" = torch.ops.aten.sub.Tensor(add_11, getitem_11);  getitem_11 = None
        mul_18: "f32[128, 512, 768][393216, 768, 1]" = torch.ops.aten.mul.Tensor(sub_8, rsqrt_2);  sub_8 = rsqrt_2 = None
        mul_19: "f32[128, 512, 768][393216, 768, 1]" = torch.ops.aten.mul.Tensor(mul_18, arg20_1);  mul_18 = arg20_1 = None
        
         # File: /home/nlp/matan_avitan/git/nopos_locating_new/nanoGPT/model_nope.py:127 in forward, code: q, k, v = self.c_attn(x).split(self.n_embd, dim=2)
        convert_element_type_48: "bf16[2304, 768][768, 1]" = torch.ops.prims.convert_element_type.default(arg21_1, torch.bfloat16);  arg21_1 = None
        convert_element_type_49: "bf16[128, 512, 768][393216, 768, 1]" = torch.ops.prims.convert_element_type.default(mul_19, torch.bfloat16);  mul_19 = None
        permute_22: "bf16[768, 2304][1, 768]" = torch.ops.aten.permute.default(convert_element_type_48, [1, 0]);  convert_element_type_48 = None
        view_38: "bf16[65536, 768][768, 1]" = torch.ops.aten.view.default(convert_element_type_49, [65536, 768]);  convert_element_type_49 = None
        mm_6: "bf16[65536, 2304][2304, 1]" = torch.ops.aten.mm.default(view_38, permute_22);  view_38 = permute_22 = None
        view_39: "bf16[128, 512, 2304][1179648, 2304, 1]" = torch.ops.aten.view.default(mm_6, [128, 512, 2304]);  mm_6 = None
        split_2 = torch.ops.aten.split.Tensor(view_39, 768, 2);  view_39 = None
        getitem_12: "bf16[128, 512, 768][1179648, 2304, 1]" = split_2[0]
        getitem_13: "bf16[128, 512, 768][1179648, 2304, 1]" = split_2[1]
        getitem_14: "bf16[128, 512, 768][1179648, 2304, 1]" = split_2[2];  split_2 = None
        
         # File: /home/nlp/matan_avitan/git/nopos_locating_new/nanoGPT/model_nope.py:128 in forward, code: k = k.view(B, T, self.n_head, C // self.n_head).transpose(
        view_40: "bf16[128, 512, 12, 64][1179648, 2304, 64, 1]" = torch.ops.aten.view.default(getitem_13, [128, 512, 12, 64]);  getitem_13 = None
        permute_23: "bf16[128, 12, 512, 64][1179648, 64, 2304, 1]" = torch.ops.aten.permute.default(view_40, [0, 2, 1, 3]);  view_40 = None
        
         # File: /home/nlp/matan_avitan/git/nopos_locating_new/nanoGPT/model_nope.py:131 in forward, code: q = q.view(B, T, self.n_head, C // self.n_head).transpose(
        view_41: "bf16[128, 512, 12, 64][1179648, 2304, 64, 1]" = torch.ops.aten.view.default(getitem_12, [128, 512, 12, 64]);  getitem_12 = None
        permute_24: "bf16[128, 12, 512, 64][1179648, 64, 2304, 1]" = torch.ops.aten.permute.default(view_41, [0, 2, 1, 3]);  view_41 = None
        
         # File: /home/nlp/matan_avitan/git/nopos_locating_new/nanoGPT/model_nope.py:134 in forward, code: v = v.view(B, T, self.n_head, C // self.n_head).transpose(
        view_42: "bf16[128, 512, 12, 64][1179648, 2304, 64, 1]" = torch.ops.aten.view.default(getitem_14, [128, 512, 12, 64]);  getitem_14 = None
        permute_25: "bf16[128, 12, 512, 64][1179648, 64, 2304, 1]" = torch.ops.aten.permute.default(view_42, [0, 2, 1, 3]);  view_42 = None
        
         # File: /home/nlp/matan_avitan/git/nopos_locating_new/nanoGPT/model_nope.py:150 in forward, code: att = (q @ k.transpose(-2, -1)) * (1.0 / math.sqrt(k.size(-1)))
        permute_26: "bf16[128, 12, 64, 512][1179648, 64, 1, 2304]" = torch.ops.aten.permute.default(permute_23, [0, 1, 3, 2]);  permute_23 = None
        expand_12: "bf16[128, 12, 512, 64][1179648, 64, 2304, 1]" = torch.ops.aten.expand.default(permute_24, [128, 12, 512, 64]);  permute_24 = None
        clone_17: "bf16[128, 12, 512, 64][393216, 32768, 64, 1]" = torch.ops.aten.clone.default(expand_12, memory_format = torch.contiguous_format);  expand_12 = None
        view_43: "bf16[1536, 512, 64][32768, 64, 1]" = torch.ops.aten.view.default(clone_17, [1536, 512, 64]);  clone_17 = None
        expand_13: "bf16[128, 12, 64, 512][1179648, 64, 1, 2304]" = torch.ops.aten.expand.default(permute_26, [128, 12, 64, 512]);  permute_26 = None
        clone_18: "bf16[128, 12, 64, 512][393216, 32768, 512, 1]" = torch.ops.aten.clone.default(expand_13, memory_format = torch.contiguous_format);  expand_13 = None
        view_44: "bf16[1536, 64, 512][32768, 512, 1]" = torch.ops.aten.view.default(clone_18, [1536, 64, 512]);  clone_18 = None
        bmm_6: "bf16[1536, 512, 512][262144, 512, 1]" = torch.ops.aten.bmm.default(view_43, view_44);  view_43 = view_44 = None
        view_45: "bf16[128, 12, 512, 512][3145728, 262144, 512, 1]" = torch.ops.aten.view.default(bmm_6, [128, 12, 512, 512]);  bmm_6 = None
        mul_20: "bf16[128, 12, 512, 512][3145728, 262144, 512, 1]" = torch.ops.aten.mul.Tensor(view_45, 0.125);  view_45 = None
        
         # File: /home/nlp/matan_avitan/git/nopos_locating_new/nanoGPT/model_nope.py:153 in forward, code: torch.ones(T, T, device=x.device, dtype=torch.bool), diagonal=1
        full_8: "b8[512, 512][512, 1]" = torch.ops.aten.full.default([512, 512], True, dtype = torch.bool, layout = torch.strided, device = device(type='cuda', index=0), pin_memory = False)
        
         # File: /home/nlp/matan_avitan/git/nopos_locating_new/nanoGPT/model_nope.py:152 in forward, code: causal_mask = torch.triu(
        iota_4: "i64[512][1]" = torch.ops.prims.iota.default(512, start = 0, step = 1, dtype = torch.int64, device = device(type='cuda', index=0), requires_grad = False)
        unsqueeze_12: "i64[1, 512][512, 1]" = torch.ops.aten.unsqueeze.default(iota_4, -2);  iota_4 = None
        iota_5: "i64[512][1]" = torch.ops.prims.iota.default(512, start = 0, step = 1, dtype = torch.int64, device = device(type='cuda', index=0), requires_grad = False)
        unsqueeze_13: "i64[512, 1][1, 1]" = torch.ops.aten.unsqueeze.default(iota_5, -1);  iota_5 = None
        sub_9: "i64[512, 512][512, 1]" = torch.ops.aten.sub.Tensor(unsqueeze_12, unsqueeze_13);  unsqueeze_12 = unsqueeze_13 = None
        ge_2: "b8[512, 512][512, 1]" = torch.ops.aten.ge.Scalar(sub_9, 1);  sub_9 = None
        logical_and_2: "b8[512, 512][512, 1]" = torch.ops.aten.logical_and.default(ge_2, full_8);  ge_2 = full_8 = None
        
         # File: /home/nlp/matan_avitan/git/nopos_locating_new/nanoGPT/model_nope.py:155 in forward, code: att = att.masked_fill(causal_mask, float("-inf"))
        scalar_tensor_2: "bf16[][]" = torch.ops.aten.scalar_tensor.default(-inf, dtype = torch.bfloat16, layout = torch.strided, device = device(type='cuda', index=0))
        where_2: "bf16[128, 12, 512, 512][3145728, 262144, 512, 1]" = torch.ops.aten.where.self(logical_and_2, scalar_tensor_2, mul_20);  logical_and_2 = scalar_tensor_2 = mul_20 = None
        
         # File: /home/nlp/matan_avitan/git/nopos_locating_new/nanoGPT/model_nope.py:156 in forward, code: att = F.softmax(att, dim=-1)
        convert_element_type_54: "f32[128, 12, 512, 512][3145728, 262144, 512, 1]" = torch.ops.prims.convert_element_type.default(where_2, torch.float32);  where_2 = None
        amax_2: "f32[128, 12, 512, 1][6144, 512, 1, 1]" = torch.ops.aten.amax.default(convert_element_type_54, [-1], True)
        sub_10: "f32[128, 12, 512, 512][3145728, 262144, 512, 1]" = torch.ops.aten.sub.Tensor(convert_element_type_54, amax_2);  convert_element_type_54 = amax_2 = None
        exp_2: "f32[128, 12, 512, 512][3145728, 262144, 512, 1]" = torch.ops.aten.exp.default(sub_10);  sub_10 = None
        sum_3: "f32[128, 12, 512, 1][6144, 512, 1, 1]" = torch.ops.aten.sum.dim_IntList(exp_2, [-1], True)
        div_2: "f32[128, 12, 512, 512][3145728, 262144, 512, 1]" = torch.ops.aten.div.Tensor(exp_2, sum_3);  exp_2 = sum_3 = None
        
         # File: /home/nlp/matan_avitan/git/nopos_locating_new/nanoGPT/model_nope.py:163 in forward, code: y = att @ v  # (B, nh, T, T) x (B, nh, T, hs) -> (B, nh, T, hs)
        convert_element_type_55: "bf16[128, 12, 512, 512][3145728, 262144, 512, 1]" = torch.ops.prims.convert_element_type.default(div_2, torch.bfloat16);  div_2 = None
        expand_14: "bf16[128, 12, 512, 512][3145728, 262144, 512, 1]" = torch.ops.aten.expand.default(convert_element_type_55, [128, 12, 512, 512]);  convert_element_type_55 = None
        view_46: "bf16[1536, 512, 512][262144, 512, 1]" = torch.ops.aten.view.default(expand_14, [1536, 512, 512]);  expand_14 = None
        expand_15: "bf16[128, 12, 512, 64][1179648, 64, 2304, 1]" = torch.ops.aten.expand.default(permute_25, [128, 12, 512, 64]);  permute_25 = None
        clone_20: "bf16[128, 12, 512, 64][393216, 32768, 64, 1]" = torch.ops.aten.clone.default(expand_15, memory_format = torch.contiguous_format);  expand_15 = None
        view_47: "bf16[1536, 512, 64][32768, 64, 1]" = torch.ops.aten.view.default(clone_20, [1536, 512, 64]);  clone_20 = None
        bmm_7: "bf16[1536, 512, 64][32768, 64, 1]" = torch.ops.aten.bmm.default(view_46, view_47);  view_46 = view_47 = None
        view_48: "bf16[128, 12, 512, 64][393216, 32768, 64, 1]" = torch.ops.aten.view.default(bmm_7, [128, 12, 512, 64]);  bmm_7 = None
        
         # File: /home/nlp/matan_avitan/git/nopos_locating_new/nanoGPT/model_nope.py:166 in forward, code: y = y.transpose(1, 2).contiguous().view(B, T, C)
        permute_27: "bf16[128, 512, 12, 64][393216, 64, 32768, 1]" = torch.ops.aten.permute.default(view_48, [0, 2, 1, 3]);  view_48 = None
        clone_21: "bf16[128, 512, 12, 64][393216, 768, 64, 1]" = torch.ops.aten.clone.default(permute_27, memory_format = torch.contiguous_format);  permute_27 = None
        view_49: "bf16[128, 512, 768][393216, 768, 1]" = torch.ops.aten.view.default(clone_21, [128, 512, 768]);  clone_21 = None
        
         # File: /home/nlp/matan_avitan/git/nopos_locating_new/nanoGPT/model_nope.py:169 in forward, code: y = self.resid_dropout(self.c_proj(y))
        convert_element_type_58: "bf16[768, 768][768, 1]" = torch.ops.prims.convert_element_type.default(arg22_1, torch.bfloat16);  arg22_1 = None
        permute_28: "bf16[768, 768][1, 768]" = torch.ops.aten.permute.default(convert_element_type_58, [1, 0]);  convert_element_type_58 = None
        view_50: "bf16[65536, 768][768, 1]" = torch.ops.aten.view.default(view_49, [65536, 768]);  view_49 = None
        mm_7: "bf16[65536, 768][768, 1]" = torch.ops.aten.mm.default(view_50, permute_28);  view_50 = permute_28 = None
        view_51: "bf16[128, 512, 768][393216, 768, 1]" = torch.ops.aten.view.default(mm_7, [128, 512, 768]);  mm_7 = None
        
         # File: /home/nlp/matan_avitan/git/nopos_locating_new/nanoGPT/model_nope.py:268 in forward, code: x = x + self.attn(self.ln_1(x))
        add_13: "f32[128, 512, 768][393216, 768, 1]" = torch.ops.aten.add.Tensor(add_11, view_51);  add_11 = view_51 = None
        
         # File: /home/nlp/matan_avitan/git/nopos_locating_new/nanoGPT/model_nope.py:78 in forward, code: return self.bn(x.transpose(1, 2)).transpose(1, 2)
        permute_29: "f32[128, 768, 512][393216, 1, 768]" = torch.ops.aten.permute.default(add_13, [0, 2, 1])
        clone_23: "f32[128, 768, 512][393216, 512, 1]" = torch.ops.aten.clone.default(permute_29, memory_format = torch.contiguous_format);  permute_29 = None
        add_14: "f32[768][1]" = torch.ops.aten.add.Tensor(arg24_1, 1e-05);  arg24_1 = None
        sqrt_2: "f32[768][1]" = torch.ops.aten.sqrt.default(add_14);  add_14 = None
        reciprocal_2: "f32[768][1]" = torch.ops.aten.reciprocal.default(sqrt_2);  sqrt_2 = None
        mul_21: "f32[768][1]" = torch.ops.aten.mul.Tensor(reciprocal_2, 1);  reciprocal_2 = None
        unsqueeze_14: "f32[768, 1][1, 1]" = torch.ops.aten.unsqueeze.default(arg23_1, -1);  arg23_1 = None
        unsqueeze_15: "f32[768, 1][1, 1]" = torch.ops.aten.unsqueeze.default(mul_21, -1);  mul_21 = None
        sub_11: "f32[128, 768, 512][393216, 512, 1]" = torch.ops.aten.sub.Tensor(clone_23, unsqueeze_14);  clone_23 = unsqueeze_14 = None
        mul_22: "f32[128, 768, 512][393216, 512, 1]" = torch.ops.aten.mul.Tensor(sub_11, unsqueeze_15);  sub_11 = unsqueeze_15 = None
        unsqueeze_16: "f32[768, 1][1, 1]" = torch.ops.aten.unsqueeze.default(arg25_1, -1);  arg25_1 = None
        mul_23: "f32[128, 768, 512][393216, 512, 1]" = torch.ops.aten.mul.Tensor(mul_22, unsqueeze_16);  mul_22 = unsqueeze_16 = None
        unsqueeze_17: "f32[768, 1][1, 1]" = torch.ops.aten.unsqueeze.default(arg26_1, -1);  arg26_1 = None
        add_15: "f32[128, 768, 512][393216, 512, 1]" = torch.ops.aten.add.Tensor(mul_23, unsqueeze_17);  mul_23 = unsqueeze_17 = None
        permute_30: "f32[128, 512, 768][393216, 1, 512]" = torch.ops.aten.permute.default(add_15, [0, 2, 1]);  add_15 = None
        
         # File: /home/nlp/matan_avitan/git/nopos_locating_new/nanoGPT/model_nope.py:229 in forward, code: x = self.c_fc(x)
        convert_element_type_63: "bf16[3072, 768][768, 1]" = torch.ops.prims.convert_element_type.default(arg27_1, torch.bfloat16);  arg27_1 = None
        convert_element_type_64: "bf16[128, 512, 768][393216, 1, 512]" = torch.ops.prims.convert_element_type.default(permute_30, torch.bfloat16);  permute_30 = None
        permute_31: "bf16[768, 3072][1, 768]" = torch.ops.aten.permute.default(convert_element_type_63, [1, 0]);  convert_element_type_63 = None
        expand_16: "bf16[128, 512, 768][393216, 1, 512]" = torch.ops.aten.expand.default(convert_element_type_64, [128, 512, 768]);  convert_element_type_64 = None
        expand_17: "bf16[128, 768, 3072][0, 1, 768]" = torch.ops.aten.expand.default(permute_31, [128, 768, 3072]);  permute_31 = None
        bmm_8: "bf16[128, 512, 3072][1572864, 3072, 1]" = torch.ops.aten.bmm.default(expand_16, expand_17);  expand_16 = expand_17 = None
        
         # File: /home/nlp/matan_avitan/git/nopos_locating_new/nanoGPT/model_nope.py:230 in forward, code: x = self.gelu(x)
        convert_element_type_67: "f32[128, 512, 3072][1572864, 3072, 1]" = torch.ops.prims.convert_element_type.default(bmm_8, torch.float32);  bmm_8 = None
        mul_24: "f32[128, 512, 3072][1572864, 3072, 1]" = torch.ops.aten.mul.Tensor(convert_element_type_67, 0.5)
        mul_25: "f32[128, 512, 3072][1572864, 3072, 1]" = torch.ops.aten.mul.Tensor(convert_element_type_67, 0.7071067811865476);  convert_element_type_67 = None
        erf_2: "f32[128, 512, 3072][1572864, 3072, 1]" = torch.ops.aten.erf.default(mul_25);  mul_25 = None
        add_16: "f32[128, 512, 3072][1572864, 3072, 1]" = torch.ops.aten.add.Tensor(erf_2, 1);  erf_2 = None
        mul_26: "f32[128, 512, 3072][1572864, 3072, 1]" = torch.ops.aten.mul.Tensor(mul_24, add_16);  mul_24 = add_16 = None
        convert_element_type_68: "bf16[128, 512, 3072][1572864, 3072, 1]" = torch.ops.prims.convert_element_type.default(mul_26, torch.bfloat16);  mul_26 = None
        
         # File: /home/nlp/matan_avitan/git/nopos_locating_new/nanoGPT/model_nope.py:231 in forward, code: x = self.c_proj(x)
        convert_element_type_69: "bf16[768, 3072][3072, 1]" = torch.ops.prims.convert_element_type.default(arg28_1, torch.bfloat16);  arg28_1 = None
        permute_32: "bf16[3072, 768][1, 3072]" = torch.ops.aten.permute.default(convert_element_type_69, [1, 0]);  convert_element_type_69 = None
        view_55: "bf16[65536, 3072][3072, 1]" = torch.ops.aten.view.default(convert_element_type_68, [65536, 3072]);  convert_element_type_68 = None
        mm_8: "bf16[65536, 768][768, 1]" = torch.ops.aten.mm.default(view_55, permute_32);  view_55 = permute_32 = None
        view_56: "bf16[128, 512, 768][393216, 768, 1]" = torch.ops.aten.view.default(mm_8, [128, 512, 768]);  mm_8 = None
        
         # File: /home/nlp/matan_avitan/git/nopos_locating_new/nanoGPT/model_nope.py:272 in forward, code: x = x + self.mlp(self.ln_2(x))
        add_17: "f32[128, 512, 768][393216, 768, 1]" = torch.ops.aten.add.Tensor(add_13, view_56);  add_13 = view_56 = None
        
         # File: /home/nlp/matan_avitan/git/nopos_locating_new/nanoGPT/model_nope.py:31 in forward, code: return F.layer_norm(input, self.weight.shape, self.weight, self.bias, 1e-5)
        var_mean_3 = torch.ops.aten.var_mean.correction(add_17, [2], correction = 0, keepdim = True)
        getitem_15: "f32[128, 512, 1][512, 1, 1]" = var_mean_3[0]
        getitem_16: "f32[128, 512, 1][512, 1, 1]" = var_mean_3[1];  var_mean_3 = None
        add_18: "f32[128, 512, 1][512, 1, 1]" = torch.ops.aten.add.Tensor(getitem_15, 1e-05);  getitem_15 = None
        rsqrt_3: "f32[128, 512, 1][512, 1, 1]" = torch.ops.aten.rsqrt.default(add_18);  add_18 = None
        sub_12: "f32[128, 512, 768][393216, 768, 1]" = torch.ops.aten.sub.Tensor(add_17, getitem_16);  getitem_16 = None
        mul_27: "f32[128, 512, 768][393216, 768, 1]" = torch.ops.aten.mul.Tensor(sub_12, rsqrt_3);  sub_12 = rsqrt_3 = None
        mul_28: "f32[128, 512, 768][393216, 768, 1]" = torch.ops.aten.mul.Tensor(mul_27, arg29_1);  mul_27 = arg29_1 = None
        
         # File: /home/nlp/matan_avitan/git/nopos_locating_new/nanoGPT/model_nope.py:127 in forward, code: q, k, v = self.c_attn(x).split(self.n_embd, dim=2)
        convert_element_type_72: "bf16[2304, 768][768, 1]" = torch.ops.prims.convert_element_type.default(arg30_1, torch.bfloat16);  arg30_1 = None
        convert_element_type_73: "bf16[128, 512, 768][393216, 768, 1]" = torch.ops.prims.convert_element_type.default(mul_28, torch.bfloat16);  mul_28 = None
        permute_33: "bf16[768, 2304][1, 768]" = torch.ops.aten.permute.default(convert_element_type_72, [1, 0]);  convert_element_type_72 = None
        view_57: "bf16[65536, 768][768, 1]" = torch.ops.aten.view.default(convert_element_type_73, [65536, 768]);  convert_element_type_73 = None
        mm_9: "bf16[65536, 2304][2304, 1]" = torch.ops.aten.mm.default(view_57, permute_33);  view_57 = permute_33 = None
        view_58: "bf16[128, 512, 2304][1179648, 2304, 1]" = torch.ops.aten.view.default(mm_9, [128, 512, 2304]);  mm_9 = None
        split_3 = torch.ops.aten.split.Tensor(view_58, 768, 2);  view_58 = None
        getitem_17: "bf16[128, 512, 768][1179648, 2304, 1]" = split_3[0]
        getitem_18: "bf16[128, 512, 768][1179648, 2304, 1]" = split_3[1]
        getitem_19: "bf16[128, 512, 768][1179648, 2304, 1]" = split_3[2];  split_3 = None
        
         # File: /home/nlp/matan_avitan/git/nopos_locating_new/nanoGPT/model_nope.py:128 in forward, code: k = k.view(B, T, self.n_head, C // self.n_head).transpose(
        view_59: "bf16[128, 512, 12, 64][1179648, 2304, 64, 1]" = torch.ops.aten.view.default(getitem_18, [128, 512, 12, 64]);  getitem_18 = None
        permute_34: "bf16[128, 12, 512, 64][1179648, 64, 2304, 1]" = torch.ops.aten.permute.default(view_59, [0, 2, 1, 3]);  view_59 = None
        
         # File: /home/nlp/matan_avitan/git/nopos_locating_new/nanoGPT/model_nope.py:131 in forward, code: q = q.view(B, T, self.n_head, C // self.n_head).transpose(
        view_60: "bf16[128, 512, 12, 64][1179648, 2304, 64, 1]" = torch.ops.aten.view.default(getitem_17, [128, 512, 12, 64]);  getitem_17 = None
        permute_35: "bf16[128, 12, 512, 64][1179648, 64, 2304, 1]" = torch.ops.aten.permute.default(view_60, [0, 2, 1, 3]);  view_60 = None
        
         # File: /home/nlp/matan_avitan/git/nopos_locating_new/nanoGPT/model_nope.py:134 in forward, code: v = v.view(B, T, self.n_head, C // self.n_head).transpose(
        view_61: "bf16[128, 512, 12, 64][1179648, 2304, 64, 1]" = torch.ops.aten.view.default(getitem_19, [128, 512, 12, 64]);  getitem_19 = None
        permute_36: "bf16[128, 12, 512, 64][1179648, 64, 2304, 1]" = torch.ops.aten.permute.default(view_61, [0, 2, 1, 3]);  view_61 = None
        
         # File: /home/nlp/matan_avitan/git/nopos_locating_new/nanoGPT/model_nope.py:150 in forward, code: att = (q @ k.transpose(-2, -1)) * (1.0 / math.sqrt(k.size(-1)))
        permute_37: "bf16[128, 12, 64, 512][1179648, 64, 1, 2304]" = torch.ops.aten.permute.default(permute_34, [0, 1, 3, 2]);  permute_34 = None
        expand_18: "bf16[128, 12, 512, 64][1179648, 64, 2304, 1]" = torch.ops.aten.expand.default(permute_35, [128, 12, 512, 64]);  permute_35 = None
        clone_25: "bf16[128, 12, 512, 64][393216, 32768, 64, 1]" = torch.ops.aten.clone.default(expand_18, memory_format = torch.contiguous_format);  expand_18 = None
        view_62: "bf16[1536, 512, 64][32768, 64, 1]" = torch.ops.aten.view.default(clone_25, [1536, 512, 64]);  clone_25 = None
        expand_19: "bf16[128, 12, 64, 512][1179648, 64, 1, 2304]" = torch.ops.aten.expand.default(permute_37, [128, 12, 64, 512]);  permute_37 = None
        clone_26: "bf16[128, 12, 64, 512][393216, 32768, 512, 1]" = torch.ops.aten.clone.default(expand_19, memory_format = torch.contiguous_format);  expand_19 = None
        view_63: "bf16[1536, 64, 512][32768, 512, 1]" = torch.ops.aten.view.default(clone_26, [1536, 64, 512]);  clone_26 = None
        bmm_9: "bf16[1536, 512, 512][262144, 512, 1]" = torch.ops.aten.bmm.default(view_62, view_63);  view_62 = view_63 = None
        view_64: "bf16[128, 12, 512, 512][3145728, 262144, 512, 1]" = torch.ops.aten.view.default(bmm_9, [128, 12, 512, 512]);  bmm_9 = None
        mul_29: "bf16[128, 12, 512, 512][3145728, 262144, 512, 1]" = torch.ops.aten.mul.Tensor(view_64, 0.125);  view_64 = None
        
         # File: /home/nlp/matan_avitan/git/nopos_locating_new/nanoGPT/model_nope.py:153 in forward, code: torch.ones(T, T, device=x.device, dtype=torch.bool), diagonal=1
        full_12: "b8[512, 512][512, 1]" = torch.ops.aten.full.default([512, 512], True, dtype = torch.bool, layout = torch.strided, device = device(type='cuda', index=0), pin_memory = False)
        
         # File: /home/nlp/matan_avitan/git/nopos_locating_new/nanoGPT/model_nope.py:152 in forward, code: causal_mask = torch.triu(
        iota_6: "i64[512][1]" = torch.ops.prims.iota.default(512, start = 0, step = 1, dtype = torch.int64, device = device(type='cuda', index=0), requires_grad = False)
        unsqueeze_18: "i64[1, 512][512, 1]" = torch.ops.aten.unsqueeze.default(iota_6, -2);  iota_6 = None
        iota_7: "i64[512][1]" = torch.ops.prims.iota.default(512, start = 0, step = 1, dtype = torch.int64, device = device(type='cuda', index=0), requires_grad = False)
        unsqueeze_19: "i64[512, 1][1, 1]" = torch.ops.aten.unsqueeze.default(iota_7, -1);  iota_7 = None
        sub_13: "i64[512, 512][512, 1]" = torch.ops.aten.sub.Tensor(unsqueeze_18, unsqueeze_19);  unsqueeze_18 = unsqueeze_19 = None
        ge_3: "b8[512, 512][512, 1]" = torch.ops.aten.ge.Scalar(sub_13, 1);  sub_13 = None
        logical_and_3: "b8[512, 512][512, 1]" = torch.ops.aten.logical_and.default(ge_3, full_12);  ge_3 = full_12 = None
        
         # File: /home/nlp/matan_avitan/git/nopos_locating_new/nanoGPT/model_nope.py:155 in forward, code: att = att.masked_fill(causal_mask, float("-inf"))
        scalar_tensor_3: "bf16[][]" = torch.ops.aten.scalar_tensor.default(-inf, dtype = torch.bfloat16, layout = torch.strided, device = device(type='cuda', index=0))
        where_3: "bf16[128, 12, 512, 512][3145728, 262144, 512, 1]" = torch.ops.aten.where.self(logical_and_3, scalar_tensor_3, mul_29);  logical_and_3 = scalar_tensor_3 = mul_29 = None
        
         # File: /home/nlp/matan_avitan/git/nopos_locating_new/nanoGPT/model_nope.py:156 in forward, code: att = F.softmax(att, dim=-1)
        convert_element_type_78: "f32[128, 12, 512, 512][3145728, 262144, 512, 1]" = torch.ops.prims.convert_element_type.default(where_3, torch.float32);  where_3 = None
        amax_3: "f32[128, 12, 512, 1][6144, 512, 1, 1]" = torch.ops.aten.amax.default(convert_element_type_78, [-1], True)
        sub_14: "f32[128, 12, 512, 512][3145728, 262144, 512, 1]" = torch.ops.aten.sub.Tensor(convert_element_type_78, amax_3);  convert_element_type_78 = amax_3 = None
        exp_3: "f32[128, 12, 512, 512][3145728, 262144, 512, 1]" = torch.ops.aten.exp.default(sub_14);  sub_14 = None
        sum_4: "f32[128, 12, 512, 1][6144, 512, 1, 1]" = torch.ops.aten.sum.dim_IntList(exp_3, [-1], True)
        div_3: "f32[128, 12, 512, 512][3145728, 262144, 512, 1]" = torch.ops.aten.div.Tensor(exp_3, sum_4);  exp_3 = sum_4 = None
        
         # File: /home/nlp/matan_avitan/git/nopos_locating_new/nanoGPT/model_nope.py:163 in forward, code: y = att @ v  # (B, nh, T, T) x (B, nh, T, hs) -> (B, nh, T, hs)
        convert_element_type_79: "bf16[128, 12, 512, 512][3145728, 262144, 512, 1]" = torch.ops.prims.convert_element_type.default(div_3, torch.bfloat16);  div_3 = None
        expand_20: "bf16[128, 12, 512, 512][3145728, 262144, 512, 1]" = torch.ops.aten.expand.default(convert_element_type_79, [128, 12, 512, 512]);  convert_element_type_79 = None
        view_65: "bf16[1536, 512, 512][262144, 512, 1]" = torch.ops.aten.view.default(expand_20, [1536, 512, 512]);  expand_20 = None
        expand_21: "bf16[128, 12, 512, 64][1179648, 64, 2304, 1]" = torch.ops.aten.expand.default(permute_36, [128, 12, 512, 64]);  permute_36 = None
        clone_28: "bf16[128, 12, 512, 64][393216, 32768, 64, 1]" = torch.ops.aten.clone.default(expand_21, memory_format = torch.contiguous_format);  expand_21 = None
        view_66: "bf16[1536, 512, 64][32768, 64, 1]" = torch.ops.aten.view.default(clone_28, [1536, 512, 64]);  clone_28 = None
        bmm_10: "bf16[1536, 512, 64][32768, 64, 1]" = torch.ops.aten.bmm.default(view_65, view_66);  view_65 = view_66 = None
        view_67: "bf16[128, 12, 512, 64][393216, 32768, 64, 1]" = torch.ops.aten.view.default(bmm_10, [128, 12, 512, 64]);  bmm_10 = None
        
         # File: /home/nlp/matan_avitan/git/nopos_locating_new/nanoGPT/model_nope.py:166 in forward, code: y = y.transpose(1, 2).contiguous().view(B, T, C)
        permute_38: "bf16[128, 512, 12, 64][393216, 64, 32768, 1]" = torch.ops.aten.permute.default(view_67, [0, 2, 1, 3]);  view_67 = None
        clone_29: "bf16[128, 512, 12, 64][393216, 768, 64, 1]" = torch.ops.aten.clone.default(permute_38, memory_format = torch.contiguous_format);  permute_38 = None
        view_68: "bf16[128, 512, 768][393216, 768, 1]" = torch.ops.aten.view.default(clone_29, [128, 512, 768]);  clone_29 = None
        
         # File: /home/nlp/matan_avitan/git/nopos_locating_new/nanoGPT/model_nope.py:169 in forward, code: y = self.resid_dropout(self.c_proj(y))
        convert_element_type_82: "bf16[768, 768][768, 1]" = torch.ops.prims.convert_element_type.default(arg31_1, torch.bfloat16);  arg31_1 = None
        permute_39: "bf16[768, 768][1, 768]" = torch.ops.aten.permute.default(convert_element_type_82, [1, 0]);  convert_element_type_82 = None
        view_69: "bf16[65536, 768][768, 1]" = torch.ops.aten.view.default(view_68, [65536, 768]);  view_68 = None
        mm_10: "bf16[65536, 768][768, 1]" = torch.ops.aten.mm.default(view_69, permute_39);  view_69 = permute_39 = None
        view_70: "bf16[128, 512, 768][393216, 768, 1]" = torch.ops.aten.view.default(mm_10, [128, 512, 768]);  mm_10 = None
        
         # File: /home/nlp/matan_avitan/git/nopos_locating_new/nanoGPT/model_nope.py:268 in forward, code: x = x + self.attn(self.ln_1(x))
        add_19: "f32[128, 512, 768][393216, 768, 1]" = torch.ops.aten.add.Tensor(add_17, view_70);  add_17 = view_70 = None
        
         # File: /home/nlp/matan_avitan/git/nopos_locating_new/nanoGPT/model_nope.py:78 in forward, code: return self.bn(x.transpose(1, 2)).transpose(1, 2)
        permute_40: "f32[128, 768, 512][393216, 1, 768]" = torch.ops.aten.permute.default(add_19, [0, 2, 1])
        clone_31: "f32[128, 768, 512][393216, 512, 1]" = torch.ops.aten.clone.default(permute_40, memory_format = torch.contiguous_format);  permute_40 = None
        add_20: "f32[768][1]" = torch.ops.aten.add.Tensor(arg33_1, 1e-05);  arg33_1 = None
        sqrt_3: "f32[768][1]" = torch.ops.aten.sqrt.default(add_20);  add_20 = None
        reciprocal_3: "f32[768][1]" = torch.ops.aten.reciprocal.default(sqrt_3);  sqrt_3 = None
        mul_30: "f32[768][1]" = torch.ops.aten.mul.Tensor(reciprocal_3, 1);  reciprocal_3 = None
        unsqueeze_20: "f32[768, 1][1, 1]" = torch.ops.aten.unsqueeze.default(arg32_1, -1);  arg32_1 = None
        unsqueeze_21: "f32[768, 1][1, 1]" = torch.ops.aten.unsqueeze.default(mul_30, -1);  mul_30 = None
        sub_15: "f32[128, 768, 512][393216, 512, 1]" = torch.ops.aten.sub.Tensor(clone_31, unsqueeze_20);  clone_31 = unsqueeze_20 = None
        mul_31: "f32[128, 768, 512][393216, 512, 1]" = torch.ops.aten.mul.Tensor(sub_15, unsqueeze_21);  sub_15 = unsqueeze_21 = None
        unsqueeze_22: "f32[768, 1][1, 1]" = torch.ops.aten.unsqueeze.default(arg34_1, -1);  arg34_1 = None
        mul_32: "f32[128, 768, 512][393216, 512, 1]" = torch.ops.aten.mul.Tensor(mul_31, unsqueeze_22);  mul_31 = unsqueeze_22 = None
        unsqueeze_23: "f32[768, 1][1, 1]" = torch.ops.aten.unsqueeze.default(arg35_1, -1);  arg35_1 = None
        add_21: "f32[128, 768, 512][393216, 512, 1]" = torch.ops.aten.add.Tensor(mul_32, unsqueeze_23);  mul_32 = unsqueeze_23 = None
        permute_41: "f32[128, 512, 768][393216, 1, 512]" = torch.ops.aten.permute.default(add_21, [0, 2, 1]);  add_21 = None
        
         # File: /home/nlp/matan_avitan/git/nopos_locating_new/nanoGPT/model_nope.py:229 in forward, code: x = self.c_fc(x)
        convert_element_type_87: "bf16[3072, 768][768, 1]" = torch.ops.prims.convert_element_type.default(arg36_1, torch.bfloat16);  arg36_1 = None
        convert_element_type_88: "bf16[128, 512, 768][393216, 1, 512]" = torch.ops.prims.convert_element_type.default(permute_41, torch.bfloat16);  permute_41 = None
        permute_42: "bf16[768, 3072][1, 768]" = torch.ops.aten.permute.default(convert_element_type_87, [1, 0]);  convert_element_type_87 = None
        expand_22: "bf16[128, 512, 768][393216, 1, 512]" = torch.ops.aten.expand.default(convert_element_type_88, [128, 512, 768]);  convert_element_type_88 = None
        expand_23: "bf16[128, 768, 3072][0, 1, 768]" = torch.ops.aten.expand.default(permute_42, [128, 768, 3072]);  permute_42 = None
        bmm_11: "bf16[128, 512, 3072][1572864, 3072, 1]" = torch.ops.aten.bmm.default(expand_22, expand_23);  expand_22 = expand_23 = None
        
         # File: /home/nlp/matan_avitan/git/nopos_locating_new/nanoGPT/model_nope.py:230 in forward, code: x = self.gelu(x)
        convert_element_type_91: "f32[128, 512, 3072][1572864, 3072, 1]" = torch.ops.prims.convert_element_type.default(bmm_11, torch.float32);  bmm_11 = None
        mul_33: "f32[128, 512, 3072][1572864, 3072, 1]" = torch.ops.aten.mul.Tensor(convert_element_type_91, 0.5)
        mul_34: "f32[128, 512, 3072][1572864, 3072, 1]" = torch.ops.aten.mul.Tensor(convert_element_type_91, 0.7071067811865476);  convert_element_type_91 = None
        erf_3: "f32[128, 512, 3072][1572864, 3072, 1]" = torch.ops.aten.erf.default(mul_34);  mul_34 = None
        add_22: "f32[128, 512, 3072][1572864, 3072, 1]" = torch.ops.aten.add.Tensor(erf_3, 1);  erf_3 = None
        mul_35: "f32[128, 512, 3072][1572864, 3072, 1]" = torch.ops.aten.mul.Tensor(mul_33, add_22);  mul_33 = add_22 = None
        convert_element_type_92: "bf16[128, 512, 3072][1572864, 3072, 1]" = torch.ops.prims.convert_element_type.default(mul_35, torch.bfloat16);  mul_35 = None
        
         # File: /home/nlp/matan_avitan/git/nopos_locating_new/nanoGPT/model_nope.py:231 in forward, code: x = self.c_proj(x)
        convert_element_type_93: "bf16[768, 3072][3072, 1]" = torch.ops.prims.convert_element_type.default(arg37_1, torch.bfloat16);  arg37_1 = None
        permute_43: "bf16[3072, 768][1, 3072]" = torch.ops.aten.permute.default(convert_element_type_93, [1, 0]);  convert_element_type_93 = None
        view_74: "bf16[65536, 3072][3072, 1]" = torch.ops.aten.view.default(convert_element_type_92, [65536, 3072]);  convert_element_type_92 = None
        mm_11: "bf16[65536, 768][768, 1]" = torch.ops.aten.mm.default(view_74, permute_43);  view_74 = permute_43 = None
        view_75: "bf16[128, 512, 768][393216, 768, 1]" = torch.ops.aten.view.default(mm_11, [128, 512, 768]);  mm_11 = None
        
         # File: /home/nlp/matan_avitan/git/nopos_locating_new/nanoGPT/model_nope.py:272 in forward, code: x = x + self.mlp(self.ln_2(x))
        add_23: "f32[128, 512, 768][393216, 768, 1]" = torch.ops.aten.add.Tensor(add_19, view_75);  add_19 = view_75 = None
        
         # File: /home/nlp/matan_avitan/git/nopos_locating_new/nanoGPT/model_nope.py:31 in forward, code: return F.layer_norm(input, self.weight.shape, self.weight, self.bias, 1e-5)
        var_mean_4 = torch.ops.aten.var_mean.correction(add_23, [2], correction = 0, keepdim = True)
        getitem_20: "f32[128, 512, 1][512, 1, 1]" = var_mean_4[0]
        getitem_21: "f32[128, 512, 1][512, 1, 1]" = var_mean_4[1];  var_mean_4 = None
        add_24: "f32[128, 512, 1][512, 1, 1]" = torch.ops.aten.add.Tensor(getitem_20, 1e-05);  getitem_20 = None
        rsqrt_4: "f32[128, 512, 1][512, 1, 1]" = torch.ops.aten.rsqrt.default(add_24);  add_24 = None
        sub_16: "f32[128, 512, 768][393216, 768, 1]" = torch.ops.aten.sub.Tensor(add_23, getitem_21);  getitem_21 = None
        mul_36: "f32[128, 512, 768][393216, 768, 1]" = torch.ops.aten.mul.Tensor(sub_16, rsqrt_4);  sub_16 = rsqrt_4 = None
        mul_37: "f32[128, 512, 768][393216, 768, 1]" = torch.ops.aten.mul.Tensor(mul_36, arg38_1);  mul_36 = arg38_1 = None
        
         # File: /home/nlp/matan_avitan/git/nopos_locating_new/nanoGPT/model_nope.py:127 in forward, code: q, k, v = self.c_attn(x).split(self.n_embd, dim=2)
        convert_element_type_96: "bf16[2304, 768][768, 1]" = torch.ops.prims.convert_element_type.default(arg39_1, torch.bfloat16);  arg39_1 = None
        convert_element_type_97: "bf16[128, 512, 768][393216, 768, 1]" = torch.ops.prims.convert_element_type.default(mul_37, torch.bfloat16);  mul_37 = None
        permute_44: "bf16[768, 2304][1, 768]" = torch.ops.aten.permute.default(convert_element_type_96, [1, 0]);  convert_element_type_96 = None
        view_76: "bf16[65536, 768][768, 1]" = torch.ops.aten.view.default(convert_element_type_97, [65536, 768]);  convert_element_type_97 = None
        mm_12: "bf16[65536, 2304][2304, 1]" = torch.ops.aten.mm.default(view_76, permute_44);  view_76 = permute_44 = None
        view_77: "bf16[128, 512, 2304][1179648, 2304, 1]" = torch.ops.aten.view.default(mm_12, [128, 512, 2304]);  mm_12 = None
        split_4 = torch.ops.aten.split.Tensor(view_77, 768, 2);  view_77 = None
        getitem_22: "bf16[128, 512, 768][1179648, 2304, 1]" = split_4[0]
        getitem_23: "bf16[128, 512, 768][1179648, 2304, 1]" = split_4[1]
        getitem_24: "bf16[128, 512, 768][1179648, 2304, 1]" = split_4[2];  split_4 = None
        
         # File: /home/nlp/matan_avitan/git/nopos_locating_new/nanoGPT/model_nope.py:128 in forward, code: k = k.view(B, T, self.n_head, C // self.n_head).transpose(
        view_78: "bf16[128, 512, 12, 64][1179648, 2304, 64, 1]" = torch.ops.aten.view.default(getitem_23, [128, 512, 12, 64]);  getitem_23 = None
        permute_45: "bf16[128, 12, 512, 64][1179648, 64, 2304, 1]" = torch.ops.aten.permute.default(view_78, [0, 2, 1, 3]);  view_78 = None
        
         # File: /home/nlp/matan_avitan/git/nopos_locating_new/nanoGPT/model_nope.py:131 in forward, code: q = q.view(B, T, self.n_head, C // self.n_head).transpose(
        view_79: "bf16[128, 512, 12, 64][1179648, 2304, 64, 1]" = torch.ops.aten.view.default(getitem_22, [128, 512, 12, 64]);  getitem_22 = None
        permute_46: "bf16[128, 12, 512, 64][1179648, 64, 2304, 1]" = torch.ops.aten.permute.default(view_79, [0, 2, 1, 3]);  view_79 = None
        
         # File: /home/nlp/matan_avitan/git/nopos_locating_new/nanoGPT/model_nope.py:134 in forward, code: v = v.view(B, T, self.n_head, C // self.n_head).transpose(
        view_80: "bf16[128, 512, 12, 64][1179648, 2304, 64, 1]" = torch.ops.aten.view.default(getitem_24, [128, 512, 12, 64]);  getitem_24 = None
        permute_47: "bf16[128, 12, 512, 64][1179648, 64, 2304, 1]" = torch.ops.aten.permute.default(view_80, [0, 2, 1, 3]);  view_80 = None
        
         # File: /home/nlp/matan_avitan/git/nopos_locating_new/nanoGPT/model_nope.py:150 in forward, code: att = (q @ k.transpose(-2, -1)) * (1.0 / math.sqrt(k.size(-1)))
        permute_48: "bf16[128, 12, 64, 512][1179648, 64, 1, 2304]" = torch.ops.aten.permute.default(permute_45, [0, 1, 3, 2]);  permute_45 = None
        expand_24: "bf16[128, 12, 512, 64][1179648, 64, 2304, 1]" = torch.ops.aten.expand.default(permute_46, [128, 12, 512, 64]);  permute_46 = None
        clone_33: "bf16[128, 12, 512, 64][393216, 32768, 64, 1]" = torch.ops.aten.clone.default(expand_24, memory_format = torch.contiguous_format);  expand_24 = None
        view_81: "bf16[1536, 512, 64][32768, 64, 1]" = torch.ops.aten.view.default(clone_33, [1536, 512, 64]);  clone_33 = None
        expand_25: "bf16[128, 12, 64, 512][1179648, 64, 1, 2304]" = torch.ops.aten.expand.default(permute_48, [128, 12, 64, 512]);  permute_48 = None
        clone_34: "bf16[128, 12, 64, 512][393216, 32768, 512, 1]" = torch.ops.aten.clone.default(expand_25, memory_format = torch.contiguous_format);  expand_25 = None
        view_82: "bf16[1536, 64, 512][32768, 512, 1]" = torch.ops.aten.view.default(clone_34, [1536, 64, 512]);  clone_34 = None
        bmm_12: "bf16[1536, 512, 512][262144, 512, 1]" = torch.ops.aten.bmm.default(view_81, view_82);  view_81 = view_82 = None
        view_83: "bf16[128, 12, 512, 512][3145728, 262144, 512, 1]" = torch.ops.aten.view.default(bmm_12, [128, 12, 512, 512]);  bmm_12 = None
        mul_38: "bf16[128, 12, 512, 512][3145728, 262144, 512, 1]" = torch.ops.aten.mul.Tensor(view_83, 0.125);  view_83 = None
        
         # File: /home/nlp/matan_avitan/git/nopos_locating_new/nanoGPT/model_nope.py:153 in forward, code: torch.ones(T, T, device=x.device, dtype=torch.bool), diagonal=1
        full_16: "b8[512, 512][512, 1]" = torch.ops.aten.full.default([512, 512], True, dtype = torch.bool, layout = torch.strided, device = device(type='cuda', index=0), pin_memory = False)
        
         # File: /home/nlp/matan_avitan/git/nopos_locating_new/nanoGPT/model_nope.py:152 in forward, code: causal_mask = torch.triu(
        iota_8: "i64[512][1]" = torch.ops.prims.iota.default(512, start = 0, step = 1, dtype = torch.int64, device = device(type='cuda', index=0), requires_grad = False)
        unsqueeze_24: "i64[1, 512][512, 1]" = torch.ops.aten.unsqueeze.default(iota_8, -2);  iota_8 = None
        iota_9: "i64[512][1]" = torch.ops.prims.iota.default(512, start = 0, step = 1, dtype = torch.int64, device = device(type='cuda', index=0), requires_grad = False)
        unsqueeze_25: "i64[512, 1][1, 1]" = torch.ops.aten.unsqueeze.default(iota_9, -1);  iota_9 = None
        sub_17: "i64[512, 512][512, 1]" = torch.ops.aten.sub.Tensor(unsqueeze_24, unsqueeze_25);  unsqueeze_24 = unsqueeze_25 = None
        ge_4: "b8[512, 512][512, 1]" = torch.ops.aten.ge.Scalar(sub_17, 1);  sub_17 = None
        logical_and_4: "b8[512, 512][512, 1]" = torch.ops.aten.logical_and.default(ge_4, full_16);  ge_4 = full_16 = None
        
         # File: /home/nlp/matan_avitan/git/nopos_locating_new/nanoGPT/model_nope.py:155 in forward, code: att = att.masked_fill(causal_mask, float("-inf"))
        scalar_tensor_4: "bf16[][]" = torch.ops.aten.scalar_tensor.default(-inf, dtype = torch.bfloat16, layout = torch.strided, device = device(type='cuda', index=0))
        where_4: "bf16[128, 12, 512, 512][3145728, 262144, 512, 1]" = torch.ops.aten.where.self(logical_and_4, scalar_tensor_4, mul_38);  logical_and_4 = scalar_tensor_4 = mul_38 = None
        
         # File: /home/nlp/matan_avitan/git/nopos_locating_new/nanoGPT/model_nope.py:156 in forward, code: att = F.softmax(att, dim=-1)
        convert_element_type_102: "f32[128, 12, 512, 512][3145728, 262144, 512, 1]" = torch.ops.prims.convert_element_type.default(where_4, torch.float32);  where_4 = None
        amax_4: "f32[128, 12, 512, 1][6144, 512, 1, 1]" = torch.ops.aten.amax.default(convert_element_type_102, [-1], True)
        sub_18: "f32[128, 12, 512, 512][3145728, 262144, 512, 1]" = torch.ops.aten.sub.Tensor(convert_element_type_102, amax_4);  convert_element_type_102 = amax_4 = None
        exp_4: "f32[128, 12, 512, 512][3145728, 262144, 512, 1]" = torch.ops.aten.exp.default(sub_18);  sub_18 = None
        sum_5: "f32[128, 12, 512, 1][6144, 512, 1, 1]" = torch.ops.aten.sum.dim_IntList(exp_4, [-1], True)
        div_4: "f32[128, 12, 512, 512][3145728, 262144, 512, 1]" = torch.ops.aten.div.Tensor(exp_4, sum_5);  exp_4 = sum_5 = None
        
         # File: /home/nlp/matan_avitan/git/nopos_locating_new/nanoGPT/model_nope.py:163 in forward, code: y = att @ v  # (B, nh, T, T) x (B, nh, T, hs) -> (B, nh, T, hs)
        convert_element_type_103: "bf16[128, 12, 512, 512][3145728, 262144, 512, 1]" = torch.ops.prims.convert_element_type.default(div_4, torch.bfloat16);  div_4 = None
        expand_26: "bf16[128, 12, 512, 512][3145728, 262144, 512, 1]" = torch.ops.aten.expand.default(convert_element_type_103, [128, 12, 512, 512]);  convert_element_type_103 = None
        view_84: "bf16[1536, 512, 512][262144, 512, 1]" = torch.ops.aten.view.default(expand_26, [1536, 512, 512]);  expand_26 = None
        expand_27: "bf16[128, 12, 512, 64][1179648, 64, 2304, 1]" = torch.ops.aten.expand.default(permute_47, [128, 12, 512, 64]);  permute_47 = None
        clone_36: "bf16[128, 12, 512, 64][393216, 32768, 64, 1]" = torch.ops.aten.clone.default(expand_27, memory_format = torch.contiguous_format);  expand_27 = None
        view_85: "bf16[1536, 512, 64][32768, 64, 1]" = torch.ops.aten.view.default(clone_36, [1536, 512, 64]);  clone_36 = None
        bmm_13: "bf16[1536, 512, 64][32768, 64, 1]" = torch.ops.aten.bmm.default(view_84, view_85);  view_84 = view_85 = None
        view_86: "bf16[128, 12, 512, 64][393216, 32768, 64, 1]" = torch.ops.aten.view.default(bmm_13, [128, 12, 512, 64]);  bmm_13 = None
        
         # File: /home/nlp/matan_avitan/git/nopos_locating_new/nanoGPT/model_nope.py:166 in forward, code: y = y.transpose(1, 2).contiguous().view(B, T, C)
        permute_49: "bf16[128, 512, 12, 64][393216, 64, 32768, 1]" = torch.ops.aten.permute.default(view_86, [0, 2, 1, 3]);  view_86 = None
        clone_37: "bf16[128, 512, 12, 64][393216, 768, 64, 1]" = torch.ops.aten.clone.default(permute_49, memory_format = torch.contiguous_format);  permute_49 = None
        view_87: "bf16[128, 512, 768][393216, 768, 1]" = torch.ops.aten.view.default(clone_37, [128, 512, 768]);  clone_37 = None
        
         # File: /home/nlp/matan_avitan/git/nopos_locating_new/nanoGPT/model_nope.py:169 in forward, code: y = self.resid_dropout(self.c_proj(y))
        convert_element_type_106: "bf16[768, 768][768, 1]" = torch.ops.prims.convert_element_type.default(arg40_1, torch.bfloat16);  arg40_1 = None
        permute_50: "bf16[768, 768][1, 768]" = torch.ops.aten.permute.default(convert_element_type_106, [1, 0]);  convert_element_type_106 = None
        view_88: "bf16[65536, 768][768, 1]" = torch.ops.aten.view.default(view_87, [65536, 768]);  view_87 = None
        mm_13: "bf16[65536, 768][768, 1]" = torch.ops.aten.mm.default(view_88, permute_50);  view_88 = permute_50 = None
        view_89: "bf16[128, 512, 768][393216, 768, 1]" = torch.ops.aten.view.default(mm_13, [128, 512, 768]);  mm_13 = None
        
         # File: /home/nlp/matan_avitan/git/nopos_locating_new/nanoGPT/model_nope.py:268 in forward, code: x = x + self.attn(self.ln_1(x))
        add_25: "f32[128, 512, 768][393216, 768, 1]" = torch.ops.aten.add.Tensor(add_23, view_89);  add_23 = view_89 = None
        
         # File: /home/nlp/matan_avitan/git/nopos_locating_new/nanoGPT/model_nope.py:78 in forward, code: return self.bn(x.transpose(1, 2)).transpose(1, 2)
        permute_51: "f32[128, 768, 512][393216, 1, 768]" = torch.ops.aten.permute.default(add_25, [0, 2, 1])
        clone_39: "f32[128, 768, 512][393216, 512, 1]" = torch.ops.aten.clone.default(permute_51, memory_format = torch.contiguous_format);  permute_51 = None
        add_26: "f32[768][1]" = torch.ops.aten.add.Tensor(arg42_1, 1e-05);  arg42_1 = None
        sqrt_4: "f32[768][1]" = torch.ops.aten.sqrt.default(add_26);  add_26 = None
        reciprocal_4: "f32[768][1]" = torch.ops.aten.reciprocal.default(sqrt_4);  sqrt_4 = None
        mul_39: "f32[768][1]" = torch.ops.aten.mul.Tensor(reciprocal_4, 1);  reciprocal_4 = None
        unsqueeze_26: "f32[768, 1][1, 1]" = torch.ops.aten.unsqueeze.default(arg41_1, -1);  arg41_1 = None
        unsqueeze_27: "f32[768, 1][1, 1]" = torch.ops.aten.unsqueeze.default(mul_39, -1);  mul_39 = None
        sub_19: "f32[128, 768, 512][393216, 512, 1]" = torch.ops.aten.sub.Tensor(clone_39, unsqueeze_26);  clone_39 = unsqueeze_26 = None
        mul_40: "f32[128, 768, 512][393216, 512, 1]" = torch.ops.aten.mul.Tensor(sub_19, unsqueeze_27);  sub_19 = unsqueeze_27 = None
        unsqueeze_28: "f32[768, 1][1, 1]" = torch.ops.aten.unsqueeze.default(arg43_1, -1);  arg43_1 = None
        mul_41: "f32[128, 768, 512][393216, 512, 1]" = torch.ops.aten.mul.Tensor(mul_40, unsqueeze_28);  mul_40 = unsqueeze_28 = None
        unsqueeze_29: "f32[768, 1][1, 1]" = torch.ops.aten.unsqueeze.default(arg44_1, -1);  arg44_1 = None
        add_27: "f32[128, 768, 512][393216, 512, 1]" = torch.ops.aten.add.Tensor(mul_41, unsqueeze_29);  mul_41 = unsqueeze_29 = None
        permute_52: "f32[128, 512, 768][393216, 1, 512]" = torch.ops.aten.permute.default(add_27, [0, 2, 1]);  add_27 = None
        
         # File: /home/nlp/matan_avitan/git/nopos_locating_new/nanoGPT/model_nope.py:229 in forward, code: x = self.c_fc(x)
        convert_element_type_111: "bf16[3072, 768][768, 1]" = torch.ops.prims.convert_element_type.default(arg45_1, torch.bfloat16);  arg45_1 = None
        convert_element_type_112: "bf16[128, 512, 768][393216, 1, 512]" = torch.ops.prims.convert_element_type.default(permute_52, torch.bfloat16);  permute_52 = None
        permute_53: "bf16[768, 3072][1, 768]" = torch.ops.aten.permute.default(convert_element_type_111, [1, 0]);  convert_element_type_111 = None
        expand_28: "bf16[128, 512, 768][393216, 1, 512]" = torch.ops.aten.expand.default(convert_element_type_112, [128, 512, 768]);  convert_element_type_112 = None
        expand_29: "bf16[128, 768, 3072][0, 1, 768]" = torch.ops.aten.expand.default(permute_53, [128, 768, 3072]);  permute_53 = None
        bmm_14: "bf16[128, 512, 3072][1572864, 3072, 1]" = torch.ops.aten.bmm.default(expand_28, expand_29);  expand_28 = expand_29 = None
        
         # File: /home/nlp/matan_avitan/git/nopos_locating_new/nanoGPT/model_nope.py:230 in forward, code: x = self.gelu(x)
        convert_element_type_115: "f32[128, 512, 3072][1572864, 3072, 1]" = torch.ops.prims.convert_element_type.default(bmm_14, torch.float32);  bmm_14 = None
        mul_42: "f32[128, 512, 3072][1572864, 3072, 1]" = torch.ops.aten.mul.Tensor(convert_element_type_115, 0.5)
        mul_43: "f32[128, 512, 3072][1572864, 3072, 1]" = torch.ops.aten.mul.Tensor(convert_element_type_115, 0.7071067811865476);  convert_element_type_115 = None
        erf_4: "f32[128, 512, 3072][1572864, 3072, 1]" = torch.ops.aten.erf.default(mul_43);  mul_43 = None
        add_28: "f32[128, 512, 3072][1572864, 3072, 1]" = torch.ops.aten.add.Tensor(erf_4, 1);  erf_4 = None
        mul_44: "f32[128, 512, 3072][1572864, 3072, 1]" = torch.ops.aten.mul.Tensor(mul_42, add_28);  mul_42 = add_28 = None
        convert_element_type_116: "bf16[128, 512, 3072][1572864, 3072, 1]" = torch.ops.prims.convert_element_type.default(mul_44, torch.bfloat16);  mul_44 = None
        
         # File: /home/nlp/matan_avitan/git/nopos_locating_new/nanoGPT/model_nope.py:231 in forward, code: x = self.c_proj(x)
        convert_element_type_117: "bf16[768, 3072][3072, 1]" = torch.ops.prims.convert_element_type.default(arg46_1, torch.bfloat16);  arg46_1 = None
        permute_54: "bf16[3072, 768][1, 3072]" = torch.ops.aten.permute.default(convert_element_type_117, [1, 0]);  convert_element_type_117 = None
        view_93: "bf16[65536, 3072][3072, 1]" = torch.ops.aten.view.default(convert_element_type_116, [65536, 3072]);  convert_element_type_116 = None
        mm_14: "bf16[65536, 768][768, 1]" = torch.ops.aten.mm.default(view_93, permute_54);  view_93 = permute_54 = None
        view_94: "bf16[128, 512, 768][393216, 768, 1]" = torch.ops.aten.view.default(mm_14, [128, 512, 768]);  mm_14 = None
        
         # File: /home/nlp/matan_avitan/git/nopos_locating_new/nanoGPT/model_nope.py:272 in forward, code: x = x + self.mlp(self.ln_2(x))
        add_29: "f32[128, 512, 768][393216, 768, 1]" = torch.ops.aten.add.Tensor(add_25, view_94);  add_25 = view_94 = None
        
         # File: /home/nlp/matan_avitan/git/nopos_locating_new/nanoGPT/model_nope.py:31 in forward, code: return F.layer_norm(input, self.weight.shape, self.weight, self.bias, 1e-5)
        var_mean_5 = torch.ops.aten.var_mean.correction(add_29, [2], correction = 0, keepdim = True)
        getitem_25: "f32[128, 512, 1][512, 1, 1]" = var_mean_5[0]
        getitem_26: "f32[128, 512, 1][512, 1, 1]" = var_mean_5[1];  var_mean_5 = None
        add_30: "f32[128, 512, 1][512, 1, 1]" = torch.ops.aten.add.Tensor(getitem_25, 1e-05);  getitem_25 = None
        rsqrt_5: "f32[128, 512, 1][512, 1, 1]" = torch.ops.aten.rsqrt.default(add_30);  add_30 = None
        sub_20: "f32[128, 512, 768][393216, 768, 1]" = torch.ops.aten.sub.Tensor(add_29, getitem_26);  getitem_26 = None
        mul_45: "f32[128, 512, 768][393216, 768, 1]" = torch.ops.aten.mul.Tensor(sub_20, rsqrt_5);  sub_20 = rsqrt_5 = None
        mul_46: "f32[128, 512, 768][393216, 768, 1]" = torch.ops.aten.mul.Tensor(mul_45, arg47_1);  mul_45 = arg47_1 = None
        
         # File: /home/nlp/matan_avitan/git/nopos_locating_new/nanoGPT/model_nope.py:127 in forward, code: q, k, v = self.c_attn(x).split(self.n_embd, dim=2)
        convert_element_type_120: "bf16[2304, 768][768, 1]" = torch.ops.prims.convert_element_type.default(arg48_1, torch.bfloat16);  arg48_1 = None
        convert_element_type_121: "bf16[128, 512, 768][393216, 768, 1]" = torch.ops.prims.convert_element_type.default(mul_46, torch.bfloat16);  mul_46 = None
        permute_55: "bf16[768, 2304][1, 768]" = torch.ops.aten.permute.default(convert_element_type_120, [1, 0]);  convert_element_type_120 = None
        view_95: "bf16[65536, 768][768, 1]" = torch.ops.aten.view.default(convert_element_type_121, [65536, 768]);  convert_element_type_121 = None
        mm_15: "bf16[65536, 2304][2304, 1]" = torch.ops.aten.mm.default(view_95, permute_55);  view_95 = permute_55 = None
        view_96: "bf16[128, 512, 2304][1179648, 2304, 1]" = torch.ops.aten.view.default(mm_15, [128, 512, 2304]);  mm_15 = None
        split_5 = torch.ops.aten.split.Tensor(view_96, 768, 2);  view_96 = None
        getitem_27: "bf16[128, 512, 768][1179648, 2304, 1]" = split_5[0]
        getitem_28: "bf16[128, 512, 768][1179648, 2304, 1]" = split_5[1]
        getitem_29: "bf16[128, 512, 768][1179648, 2304, 1]" = split_5[2];  split_5 = None
        
         # File: /home/nlp/matan_avitan/git/nopos_locating_new/nanoGPT/model_nope.py:128 in forward, code: k = k.view(B, T, self.n_head, C // self.n_head).transpose(
        view_97: "bf16[128, 512, 12, 64][1179648, 2304, 64, 1]" = torch.ops.aten.view.default(getitem_28, [128, 512, 12, 64]);  getitem_28 = None
        permute_56: "bf16[128, 12, 512, 64][1179648, 64, 2304, 1]" = torch.ops.aten.permute.default(view_97, [0, 2, 1, 3]);  view_97 = None
        
         # File: /home/nlp/matan_avitan/git/nopos_locating_new/nanoGPT/model_nope.py:131 in forward, code: q = q.view(B, T, self.n_head, C // self.n_head).transpose(
        view_98: "bf16[128, 512, 12, 64][1179648, 2304, 64, 1]" = torch.ops.aten.view.default(getitem_27, [128, 512, 12, 64]);  getitem_27 = None
        permute_57: "bf16[128, 12, 512, 64][1179648, 64, 2304, 1]" = torch.ops.aten.permute.default(view_98, [0, 2, 1, 3]);  view_98 = None
        
         # File: /home/nlp/matan_avitan/git/nopos_locating_new/nanoGPT/model_nope.py:134 in forward, code: v = v.view(B, T, self.n_head, C // self.n_head).transpose(
        view_99: "bf16[128, 512, 12, 64][1179648, 2304, 64, 1]" = torch.ops.aten.view.default(getitem_29, [128, 512, 12, 64]);  getitem_29 = None
        permute_58: "bf16[128, 12, 512, 64][1179648, 64, 2304, 1]" = torch.ops.aten.permute.default(view_99, [0, 2, 1, 3]);  view_99 = None
        
         # File: /home/nlp/matan_avitan/git/nopos_locating_new/nanoGPT/model_nope.py:150 in forward, code: att = (q @ k.transpose(-2, -1)) * (1.0 / math.sqrt(k.size(-1)))
        permute_59: "bf16[128, 12, 64, 512][1179648, 64, 1, 2304]" = torch.ops.aten.permute.default(permute_56, [0, 1, 3, 2]);  permute_56 = None
        expand_30: "bf16[128, 12, 512, 64][1179648, 64, 2304, 1]" = torch.ops.aten.expand.default(permute_57, [128, 12, 512, 64]);  permute_57 = None
        clone_41: "bf16[128, 12, 512, 64][393216, 32768, 64, 1]" = torch.ops.aten.clone.default(expand_30, memory_format = torch.contiguous_format);  expand_30 = None
        view_100: "bf16[1536, 512, 64][32768, 64, 1]" = torch.ops.aten.view.default(clone_41, [1536, 512, 64]);  clone_41 = None
        expand_31: "bf16[128, 12, 64, 512][1179648, 64, 1, 2304]" = torch.ops.aten.expand.default(permute_59, [128, 12, 64, 512]);  permute_59 = None
        clone_42: "bf16[128, 12, 64, 512][393216, 32768, 512, 1]" = torch.ops.aten.clone.default(expand_31, memory_format = torch.contiguous_format);  expand_31 = None
        view_101: "bf16[1536, 64, 512][32768, 512, 1]" = torch.ops.aten.view.default(clone_42, [1536, 64, 512]);  clone_42 = None
        bmm_15: "bf16[1536, 512, 512][262144, 512, 1]" = torch.ops.aten.bmm.default(view_100, view_101);  view_100 = view_101 = None
        view_102: "bf16[128, 12, 512, 512][3145728, 262144, 512, 1]" = torch.ops.aten.view.default(bmm_15, [128, 12, 512, 512]);  bmm_15 = None
        mul_47: "bf16[128, 12, 512, 512][3145728, 262144, 512, 1]" = torch.ops.aten.mul.Tensor(view_102, 0.125);  view_102 = None
        
         # File: /home/nlp/matan_avitan/git/nopos_locating_new/nanoGPT/model_nope.py:153 in forward, code: torch.ones(T, T, device=x.device, dtype=torch.bool), diagonal=1
        full_20: "b8[512, 512][512, 1]" = torch.ops.aten.full.default([512, 512], True, dtype = torch.bool, layout = torch.strided, device = device(type='cuda', index=0), pin_memory = False)
        
         # File: /home/nlp/matan_avitan/git/nopos_locating_new/nanoGPT/model_nope.py:152 in forward, code: causal_mask = torch.triu(
        iota_10: "i64[512][1]" = torch.ops.prims.iota.default(512, start = 0, step = 1, dtype = torch.int64, device = device(type='cuda', index=0), requires_grad = False)
        unsqueeze_30: "i64[1, 512][512, 1]" = torch.ops.aten.unsqueeze.default(iota_10, -2);  iota_10 = None
        iota_11: "i64[512][1]" = torch.ops.prims.iota.default(512, start = 0, step = 1, dtype = torch.int64, device = device(type='cuda', index=0), requires_grad = False)
        unsqueeze_31: "i64[512, 1][1, 1]" = torch.ops.aten.unsqueeze.default(iota_11, -1);  iota_11 = None
        sub_21: "i64[512, 512][512, 1]" = torch.ops.aten.sub.Tensor(unsqueeze_30, unsqueeze_31);  unsqueeze_30 = unsqueeze_31 = None
        ge_5: "b8[512, 512][512, 1]" = torch.ops.aten.ge.Scalar(sub_21, 1);  sub_21 = None
        logical_and_5: "b8[512, 512][512, 1]" = torch.ops.aten.logical_and.default(ge_5, full_20);  ge_5 = full_20 = None
        
         # File: /home/nlp/matan_avitan/git/nopos_locating_new/nanoGPT/model_nope.py:155 in forward, code: att = att.masked_fill(causal_mask, float("-inf"))
        scalar_tensor_5: "bf16[][]" = torch.ops.aten.scalar_tensor.default(-inf, dtype = torch.bfloat16, layout = torch.strided, device = device(type='cuda', index=0))
        where_5: "bf16[128, 12, 512, 512][3145728, 262144, 512, 1]" = torch.ops.aten.where.self(logical_and_5, scalar_tensor_5, mul_47);  logical_and_5 = scalar_tensor_5 = mul_47 = None
        
         # File: /home/nlp/matan_avitan/git/nopos_locating_new/nanoGPT/model_nope.py:156 in forward, code: att = F.softmax(att, dim=-1)
        convert_element_type_126: "f32[128, 12, 512, 512][3145728, 262144, 512, 1]" = torch.ops.prims.convert_element_type.default(where_5, torch.float32);  where_5 = None
        amax_5: "f32[128, 12, 512, 1][6144, 512, 1, 1]" = torch.ops.aten.amax.default(convert_element_type_126, [-1], True)
        sub_22: "f32[128, 12, 512, 512][3145728, 262144, 512, 1]" = torch.ops.aten.sub.Tensor(convert_element_type_126, amax_5);  convert_element_type_126 = amax_5 = None
        exp_5: "f32[128, 12, 512, 512][3145728, 262144, 512, 1]" = torch.ops.aten.exp.default(sub_22);  sub_22 = None
        sum_6: "f32[128, 12, 512, 1][6144, 512, 1, 1]" = torch.ops.aten.sum.dim_IntList(exp_5, [-1], True)
        div_5: "f32[128, 12, 512, 512][3145728, 262144, 512, 1]" = torch.ops.aten.div.Tensor(exp_5, sum_6);  exp_5 = sum_6 = None
        
         # File: /home/nlp/matan_avitan/git/nopos_locating_new/nanoGPT/model_nope.py:163 in forward, code: y = att @ v  # (B, nh, T, T) x (B, nh, T, hs) -> (B, nh, T, hs)
        convert_element_type_127: "bf16[128, 12, 512, 512][3145728, 262144, 512, 1]" = torch.ops.prims.convert_element_type.default(div_5, torch.bfloat16);  div_5 = None
        expand_32: "bf16[128, 12, 512, 512][3145728, 262144, 512, 1]" = torch.ops.aten.expand.default(convert_element_type_127, [128, 12, 512, 512]);  convert_element_type_127 = None
        view_103: "bf16[1536, 512, 512][262144, 512, 1]" = torch.ops.aten.view.default(expand_32, [1536, 512, 512]);  expand_32 = None
        expand_33: "bf16[128, 12, 512, 64][1179648, 64, 2304, 1]" = torch.ops.aten.expand.default(permute_58, [128, 12, 512, 64]);  permute_58 = None
        clone_44: "bf16[128, 12, 512, 64][393216, 32768, 64, 1]" = torch.ops.aten.clone.default(expand_33, memory_format = torch.contiguous_format);  expand_33 = None
        view_104: "bf16[1536, 512, 64][32768, 64, 1]" = torch.ops.aten.view.default(clone_44, [1536, 512, 64]);  clone_44 = None
        bmm_16: "bf16[1536, 512, 64][32768, 64, 1]" = torch.ops.aten.bmm.default(view_103, view_104);  view_103 = view_104 = None
        view_105: "bf16[128, 12, 512, 64][393216, 32768, 64, 1]" = torch.ops.aten.view.default(bmm_16, [128, 12, 512, 64]);  bmm_16 = None
        
         # File: /home/nlp/matan_avitan/git/nopos_locating_new/nanoGPT/model_nope.py:166 in forward, code: y = y.transpose(1, 2).contiguous().view(B, T, C)
        permute_60: "bf16[128, 512, 12, 64][393216, 64, 32768, 1]" = torch.ops.aten.permute.default(view_105, [0, 2, 1, 3]);  view_105 = None
        clone_45: "bf16[128, 512, 12, 64][393216, 768, 64, 1]" = torch.ops.aten.clone.default(permute_60, memory_format = torch.contiguous_format);  permute_60 = None
        view_106: "bf16[128, 512, 768][393216, 768, 1]" = torch.ops.aten.view.default(clone_45, [128, 512, 768]);  clone_45 = None
        
         # File: /home/nlp/matan_avitan/git/nopos_locating_new/nanoGPT/model_nope.py:169 in forward, code: y = self.resid_dropout(self.c_proj(y))
        convert_element_type_130: "bf16[768, 768][768, 1]" = torch.ops.prims.convert_element_type.default(arg49_1, torch.bfloat16);  arg49_1 = None
        permute_61: "bf16[768, 768][1, 768]" = torch.ops.aten.permute.default(convert_element_type_130, [1, 0]);  convert_element_type_130 = None
        view_107: "bf16[65536, 768][768, 1]" = torch.ops.aten.view.default(view_106, [65536, 768]);  view_106 = None
        mm_16: "bf16[65536, 768][768, 1]" = torch.ops.aten.mm.default(view_107, permute_61);  view_107 = permute_61 = None
        view_108: "bf16[128, 512, 768][393216, 768, 1]" = torch.ops.aten.view.default(mm_16, [128, 512, 768]);  mm_16 = None
        
         # File: /home/nlp/matan_avitan/git/nopos_locating_new/nanoGPT/model_nope.py:268 in forward, code: x = x + self.attn(self.ln_1(x))
        add_31: "f32[128, 512, 768][393216, 768, 1]" = torch.ops.aten.add.Tensor(add_29, view_108);  add_29 = view_108 = None
        
         # File: /home/nlp/matan_avitan/git/nopos_locating_new/nanoGPT/model_nope.py:78 in forward, code: return self.bn(x.transpose(1, 2)).transpose(1, 2)
        permute_62: "f32[128, 768, 512][393216, 1, 768]" = torch.ops.aten.permute.default(add_31, [0, 2, 1])
        clone_47: "f32[128, 768, 512][393216, 512, 1]" = torch.ops.aten.clone.default(permute_62, memory_format = torch.contiguous_format);  permute_62 = None
        add_32: "f32[768][1]" = torch.ops.aten.add.Tensor(arg51_1, 1e-05);  arg51_1 = None
        sqrt_5: "f32[768][1]" = torch.ops.aten.sqrt.default(add_32);  add_32 = None
        reciprocal_5: "f32[768][1]" = torch.ops.aten.reciprocal.default(sqrt_5);  sqrt_5 = None
        mul_48: "f32[768][1]" = torch.ops.aten.mul.Tensor(reciprocal_5, 1);  reciprocal_5 = None
        unsqueeze_32: "f32[768, 1][1, 1]" = torch.ops.aten.unsqueeze.default(arg50_1, -1);  arg50_1 = None
        unsqueeze_33: "f32[768, 1][1, 1]" = torch.ops.aten.unsqueeze.default(mul_48, -1);  mul_48 = None
        sub_23: "f32[128, 768, 512][393216, 512, 1]" = torch.ops.aten.sub.Tensor(clone_47, unsqueeze_32);  clone_47 = unsqueeze_32 = None
        mul_49: "f32[128, 768, 512][393216, 512, 1]" = torch.ops.aten.mul.Tensor(sub_23, unsqueeze_33);  sub_23 = unsqueeze_33 = None
        unsqueeze_34: "f32[768, 1][1, 1]" = torch.ops.aten.unsqueeze.default(arg52_1, -1);  arg52_1 = None
        mul_50: "f32[128, 768, 512][393216, 512, 1]" = torch.ops.aten.mul.Tensor(mul_49, unsqueeze_34);  mul_49 = unsqueeze_34 = None
        unsqueeze_35: "f32[768, 1][1, 1]" = torch.ops.aten.unsqueeze.default(arg53_1, -1);  arg53_1 = None
        add_33: "f32[128, 768, 512][393216, 512, 1]" = torch.ops.aten.add.Tensor(mul_50, unsqueeze_35);  mul_50 = unsqueeze_35 = None
        permute_63: "f32[128, 512, 768][393216, 1, 512]" = torch.ops.aten.permute.default(add_33, [0, 2, 1]);  add_33 = None
        
         # File: /home/nlp/matan_avitan/git/nopos_locating_new/nanoGPT/model_nope.py:229 in forward, code: x = self.c_fc(x)
        convert_element_type_135: "bf16[3072, 768][768, 1]" = torch.ops.prims.convert_element_type.default(arg54_1, torch.bfloat16);  arg54_1 = None
        convert_element_type_136: "bf16[128, 512, 768][393216, 1, 512]" = torch.ops.prims.convert_element_type.default(permute_63, torch.bfloat16);  permute_63 = None
        permute_64: "bf16[768, 3072][1, 768]" = torch.ops.aten.permute.default(convert_element_type_135, [1, 0]);  convert_element_type_135 = None
        expand_34: "bf16[128, 512, 768][393216, 1, 512]" = torch.ops.aten.expand.default(convert_element_type_136, [128, 512, 768]);  convert_element_type_136 = None
        expand_35: "bf16[128, 768, 3072][0, 1, 768]" = torch.ops.aten.expand.default(permute_64, [128, 768, 3072]);  permute_64 = None
        bmm_17: "bf16[128, 512, 3072][1572864, 3072, 1]" = torch.ops.aten.bmm.default(expand_34, expand_35);  expand_34 = expand_35 = None
        
         # File: /home/nlp/matan_avitan/git/nopos_locating_new/nanoGPT/model_nope.py:230 in forward, code: x = self.gelu(x)
        convert_element_type_139: "f32[128, 512, 3072][1572864, 3072, 1]" = torch.ops.prims.convert_element_type.default(bmm_17, torch.float32);  bmm_17 = None
        mul_51: "f32[128, 512, 3072][1572864, 3072, 1]" = torch.ops.aten.mul.Tensor(convert_element_type_139, 0.5)
        mul_52: "f32[128, 512, 3072][1572864, 3072, 1]" = torch.ops.aten.mul.Tensor(convert_element_type_139, 0.7071067811865476);  convert_element_type_139 = None
        erf_5: "f32[128, 512, 3072][1572864, 3072, 1]" = torch.ops.aten.erf.default(mul_52);  mul_52 = None
        add_34: "f32[128, 512, 3072][1572864, 3072, 1]" = torch.ops.aten.add.Tensor(erf_5, 1);  erf_5 = None
        mul_53: "f32[128, 512, 3072][1572864, 3072, 1]" = torch.ops.aten.mul.Tensor(mul_51, add_34);  mul_51 = add_34 = None
        convert_element_type_140: "bf16[128, 512, 3072][1572864, 3072, 1]" = torch.ops.prims.convert_element_type.default(mul_53, torch.bfloat16);  mul_53 = None
        
         # File: /home/nlp/matan_avitan/git/nopos_locating_new/nanoGPT/model_nope.py:231 in forward, code: x = self.c_proj(x)
        convert_element_type_141: "bf16[768, 3072][3072, 1]" = torch.ops.prims.convert_element_type.default(arg55_1, torch.bfloat16);  arg55_1 = None
        permute_65: "bf16[3072, 768][1, 3072]" = torch.ops.aten.permute.default(convert_element_type_141, [1, 0]);  convert_element_type_141 = None
        view_112: "bf16[65536, 3072][3072, 1]" = torch.ops.aten.view.default(convert_element_type_140, [65536, 3072]);  convert_element_type_140 = None
        mm_17: "bf16[65536, 768][768, 1]" = torch.ops.aten.mm.default(view_112, permute_65);  view_112 = permute_65 = None
        view_113: "bf16[128, 512, 768][393216, 768, 1]" = torch.ops.aten.view.default(mm_17, [128, 512, 768]);  mm_17 = None
        
         # File: /home/nlp/matan_avitan/git/nopos_locating_new/nanoGPT/model_nope.py:272 in forward, code: x = x + self.mlp(self.ln_2(x))
        add_35: "f32[128, 512, 768][393216, 768, 1]" = torch.ops.aten.add.Tensor(add_31, view_113);  add_31 = view_113 = None
        
         # File: /home/nlp/matan_avitan/git/nopos_locating_new/nanoGPT/model_nope.py:31 in forward, code: return F.layer_norm(input, self.weight.shape, self.weight, self.bias, 1e-5)
        var_mean_6 = torch.ops.aten.var_mean.correction(add_35, [2], correction = 0, keepdim = True)
        getitem_30: "f32[128, 512, 1][512, 1, 1]" = var_mean_6[0]
        getitem_31: "f32[128, 512, 1][512, 1, 1]" = var_mean_6[1];  var_mean_6 = None
        add_36: "f32[128, 512, 1][512, 1, 1]" = torch.ops.aten.add.Tensor(getitem_30, 1e-05);  getitem_30 = None
        rsqrt_6: "f32[128, 512, 1][512, 1, 1]" = torch.ops.aten.rsqrt.default(add_36);  add_36 = None
        sub_24: "f32[128, 512, 768][393216, 768, 1]" = torch.ops.aten.sub.Tensor(add_35, getitem_31);  getitem_31 = None
        mul_54: "f32[128, 512, 768][393216, 768, 1]" = torch.ops.aten.mul.Tensor(sub_24, rsqrt_6);  sub_24 = rsqrt_6 = None
        mul_55: "f32[128, 512, 768][393216, 768, 1]" = torch.ops.aten.mul.Tensor(mul_54, arg56_1);  mul_54 = arg56_1 = None
        
         # File: /home/nlp/matan_avitan/git/nopos_locating_new/nanoGPT/model_nope.py:127 in forward, code: q, k, v = self.c_attn(x).split(self.n_embd, dim=2)
        convert_element_type_144: "bf16[2304, 768][768, 1]" = torch.ops.prims.convert_element_type.default(arg57_1, torch.bfloat16);  arg57_1 = None
        convert_element_type_145: "bf16[128, 512, 768][393216, 768, 1]" = torch.ops.prims.convert_element_type.default(mul_55, torch.bfloat16);  mul_55 = None
        permute_66: "bf16[768, 2304][1, 768]" = torch.ops.aten.permute.default(convert_element_type_144, [1, 0]);  convert_element_type_144 = None
        view_114: "bf16[65536, 768][768, 1]" = torch.ops.aten.view.default(convert_element_type_145, [65536, 768]);  convert_element_type_145 = None
        mm_18: "bf16[65536, 2304][2304, 1]" = torch.ops.aten.mm.default(view_114, permute_66);  view_114 = permute_66 = None
        view_115: "bf16[128, 512, 2304][1179648, 2304, 1]" = torch.ops.aten.view.default(mm_18, [128, 512, 2304]);  mm_18 = None
        split_6 = torch.ops.aten.split.Tensor(view_115, 768, 2);  view_115 = None
        getitem_32: "bf16[128, 512, 768][1179648, 2304, 1]" = split_6[0]
        getitem_33: "bf16[128, 512, 768][1179648, 2304, 1]" = split_6[1]
        getitem_34: "bf16[128, 512, 768][1179648, 2304, 1]" = split_6[2];  split_6 = None
        
         # File: /home/nlp/matan_avitan/git/nopos_locating_new/nanoGPT/model_nope.py:128 in forward, code: k = k.view(B, T, self.n_head, C // self.n_head).transpose(
        view_116: "bf16[128, 512, 12, 64][1179648, 2304, 64, 1]" = torch.ops.aten.view.default(getitem_33, [128, 512, 12, 64]);  getitem_33 = None
        permute_67: "bf16[128, 12, 512, 64][1179648, 64, 2304, 1]" = torch.ops.aten.permute.default(view_116, [0, 2, 1, 3]);  view_116 = None
        
         # File: /home/nlp/matan_avitan/git/nopos_locating_new/nanoGPT/model_nope.py:131 in forward, code: q = q.view(B, T, self.n_head, C // self.n_head).transpose(
        view_117: "bf16[128, 512, 12, 64][1179648, 2304, 64, 1]" = torch.ops.aten.view.default(getitem_32, [128, 512, 12, 64]);  getitem_32 = None
        permute_68: "bf16[128, 12, 512, 64][1179648, 64, 2304, 1]" = torch.ops.aten.permute.default(view_117, [0, 2, 1, 3]);  view_117 = None
        
         # File: /home/nlp/matan_avitan/git/nopos_locating_new/nanoGPT/model_nope.py:134 in forward, code: v = v.view(B, T, self.n_head, C // self.n_head).transpose(
        view_118: "bf16[128, 512, 12, 64][1179648, 2304, 64, 1]" = torch.ops.aten.view.default(getitem_34, [128, 512, 12, 64]);  getitem_34 = None
        permute_69: "bf16[128, 12, 512, 64][1179648, 64, 2304, 1]" = torch.ops.aten.permute.default(view_118, [0, 2, 1, 3]);  view_118 = None
        
         # File: /home/nlp/matan_avitan/git/nopos_locating_new/nanoGPT/model_nope.py:150 in forward, code: att = (q @ k.transpose(-2, -1)) * (1.0 / math.sqrt(k.size(-1)))
        permute_70: "bf16[128, 12, 64, 512][1179648, 64, 1, 2304]" = torch.ops.aten.permute.default(permute_67, [0, 1, 3, 2]);  permute_67 = None
        expand_36: "bf16[128, 12, 512, 64][1179648, 64, 2304, 1]" = torch.ops.aten.expand.default(permute_68, [128, 12, 512, 64]);  permute_68 = None
        clone_49: "bf16[128, 12, 512, 64][393216, 32768, 64, 1]" = torch.ops.aten.clone.default(expand_36, memory_format = torch.contiguous_format);  expand_36 = None
        view_119: "bf16[1536, 512, 64][32768, 64, 1]" = torch.ops.aten.view.default(clone_49, [1536, 512, 64]);  clone_49 = None
        expand_37: "bf16[128, 12, 64, 512][1179648, 64, 1, 2304]" = torch.ops.aten.expand.default(permute_70, [128, 12, 64, 512]);  permute_70 = None
        clone_50: "bf16[128, 12, 64, 512][393216, 32768, 512, 1]" = torch.ops.aten.clone.default(expand_37, memory_format = torch.contiguous_format);  expand_37 = None
        view_120: "bf16[1536, 64, 512][32768, 512, 1]" = torch.ops.aten.view.default(clone_50, [1536, 64, 512]);  clone_50 = None
        bmm_18: "bf16[1536, 512, 512][262144, 512, 1]" = torch.ops.aten.bmm.default(view_119, view_120);  view_119 = view_120 = None
        view_121: "bf16[128, 12, 512, 512][3145728, 262144, 512, 1]" = torch.ops.aten.view.default(bmm_18, [128, 12, 512, 512]);  bmm_18 = None
        mul_56: "bf16[128, 12, 512, 512][3145728, 262144, 512, 1]" = torch.ops.aten.mul.Tensor(view_121, 0.125);  view_121 = None
        
         # File: /home/nlp/matan_avitan/git/nopos_locating_new/nanoGPT/model_nope.py:153 in forward, code: torch.ones(T, T, device=x.device, dtype=torch.bool), diagonal=1
        full_24: "b8[512, 512][512, 1]" = torch.ops.aten.full.default([512, 512], True, dtype = torch.bool, layout = torch.strided, device = device(type='cuda', index=0), pin_memory = False)
        
         # File: /home/nlp/matan_avitan/git/nopos_locating_new/nanoGPT/model_nope.py:152 in forward, code: causal_mask = torch.triu(
        iota_12: "i64[512][1]" = torch.ops.prims.iota.default(512, start = 0, step = 1, dtype = torch.int64, device = device(type='cuda', index=0), requires_grad = False)
        unsqueeze_36: "i64[1, 512][512, 1]" = torch.ops.aten.unsqueeze.default(iota_12, -2);  iota_12 = None
        iota_13: "i64[512][1]" = torch.ops.prims.iota.default(512, start = 0, step = 1, dtype = torch.int64, device = device(type='cuda', index=0), requires_grad = False)
        unsqueeze_37: "i64[512, 1][1, 1]" = torch.ops.aten.unsqueeze.default(iota_13, -1);  iota_13 = None
        sub_25: "i64[512, 512][512, 1]" = torch.ops.aten.sub.Tensor(unsqueeze_36, unsqueeze_37);  unsqueeze_36 = unsqueeze_37 = None
        ge_6: "b8[512, 512][512, 1]" = torch.ops.aten.ge.Scalar(sub_25, 1);  sub_25 = None
        logical_and_6: "b8[512, 512][512, 1]" = torch.ops.aten.logical_and.default(ge_6, full_24);  ge_6 = full_24 = None
        
         # File: /home/nlp/matan_avitan/git/nopos_locating_new/nanoGPT/model_nope.py:155 in forward, code: att = att.masked_fill(causal_mask, float("-inf"))
        scalar_tensor_6: "bf16[][]" = torch.ops.aten.scalar_tensor.default(-inf, dtype = torch.bfloat16, layout = torch.strided, device = device(type='cuda', index=0))
        where_6: "bf16[128, 12, 512, 512][3145728, 262144, 512, 1]" = torch.ops.aten.where.self(logical_and_6, scalar_tensor_6, mul_56);  logical_and_6 = scalar_tensor_6 = mul_56 = None
        
         # File: /home/nlp/matan_avitan/git/nopos_locating_new/nanoGPT/model_nope.py:156 in forward, code: att = F.softmax(att, dim=-1)
        convert_element_type_150: "f32[128, 12, 512, 512][3145728, 262144, 512, 1]" = torch.ops.prims.convert_element_type.default(where_6, torch.float32);  where_6 = None
        amax_6: "f32[128, 12, 512, 1][6144, 512, 1, 1]" = torch.ops.aten.amax.default(convert_element_type_150, [-1], True)
        sub_26: "f32[128, 12, 512, 512][3145728, 262144, 512, 1]" = torch.ops.aten.sub.Tensor(convert_element_type_150, amax_6);  convert_element_type_150 = amax_6 = None
        exp_6: "f32[128, 12, 512, 512][3145728, 262144, 512, 1]" = torch.ops.aten.exp.default(sub_26);  sub_26 = None
        sum_7: "f32[128, 12, 512, 1][6144, 512, 1, 1]" = torch.ops.aten.sum.dim_IntList(exp_6, [-1], True)
        div_6: "f32[128, 12, 512, 512][3145728, 262144, 512, 1]" = torch.ops.aten.div.Tensor(exp_6, sum_7);  exp_6 = sum_7 = None
        
         # File: /home/nlp/matan_avitan/git/nopos_locating_new/nanoGPT/model_nope.py:163 in forward, code: y = att @ v  # (B, nh, T, T) x (B, nh, T, hs) -> (B, nh, T, hs)
        convert_element_type_151: "bf16[128, 12, 512, 512][3145728, 262144, 512, 1]" = torch.ops.prims.convert_element_type.default(div_6, torch.bfloat16);  div_6 = None
        expand_38: "bf16[128, 12, 512, 512][3145728, 262144, 512, 1]" = torch.ops.aten.expand.default(convert_element_type_151, [128, 12, 512, 512]);  convert_element_type_151 = None
        view_122: "bf16[1536, 512, 512][262144, 512, 1]" = torch.ops.aten.view.default(expand_38, [1536, 512, 512]);  expand_38 = None
        expand_39: "bf16[128, 12, 512, 64][1179648, 64, 2304, 1]" = torch.ops.aten.expand.default(permute_69, [128, 12, 512, 64]);  permute_69 = None
        clone_52: "bf16[128, 12, 512, 64][393216, 32768, 64, 1]" = torch.ops.aten.clone.default(expand_39, memory_format = torch.contiguous_format);  expand_39 = None
        view_123: "bf16[1536, 512, 64][32768, 64, 1]" = torch.ops.aten.view.default(clone_52, [1536, 512, 64]);  clone_52 = None
        bmm_19: "bf16[1536, 512, 64][32768, 64, 1]" = torch.ops.aten.bmm.default(view_122, view_123);  view_122 = view_123 = None
        view_124: "bf16[128, 12, 512, 64][393216, 32768, 64, 1]" = torch.ops.aten.view.default(bmm_19, [128, 12, 512, 64]);  bmm_19 = None
        
         # File: /home/nlp/matan_avitan/git/nopos_locating_new/nanoGPT/model_nope.py:166 in forward, code: y = y.transpose(1, 2).contiguous().view(B, T, C)
        permute_71: "bf16[128, 512, 12, 64][393216, 64, 32768, 1]" = torch.ops.aten.permute.default(view_124, [0, 2, 1, 3]);  view_124 = None
        clone_53: "bf16[128, 512, 12, 64][393216, 768, 64, 1]" = torch.ops.aten.clone.default(permute_71, memory_format = torch.contiguous_format);  permute_71 = None
        view_125: "bf16[128, 512, 768][393216, 768, 1]" = torch.ops.aten.view.default(clone_53, [128, 512, 768]);  clone_53 = None
        
         # File: /home/nlp/matan_avitan/git/nopos_locating_new/nanoGPT/model_nope.py:169 in forward, code: y = self.resid_dropout(self.c_proj(y))
        convert_element_type_154: "bf16[768, 768][768, 1]" = torch.ops.prims.convert_element_type.default(arg58_1, torch.bfloat16);  arg58_1 = None
        permute_72: "bf16[768, 768][1, 768]" = torch.ops.aten.permute.default(convert_element_type_154, [1, 0]);  convert_element_type_154 = None
        view_126: "bf16[65536, 768][768, 1]" = torch.ops.aten.view.default(view_125, [65536, 768]);  view_125 = None
        mm_19: "bf16[65536, 768][768, 1]" = torch.ops.aten.mm.default(view_126, permute_72);  view_126 = permute_72 = None
        view_127: "bf16[128, 512, 768][393216, 768, 1]" = torch.ops.aten.view.default(mm_19, [128, 512, 768]);  mm_19 = None
        
         # File: /home/nlp/matan_avitan/git/nopos_locating_new/nanoGPT/model_nope.py:268 in forward, code: x = x + self.attn(self.ln_1(x))
        add_37: "f32[128, 512, 768][393216, 768, 1]" = torch.ops.aten.add.Tensor(add_35, view_127);  add_35 = view_127 = None
        
         # File: /home/nlp/matan_avitan/git/nopos_locating_new/nanoGPT/model_nope.py:78 in forward, code: return self.bn(x.transpose(1, 2)).transpose(1, 2)
        permute_73: "f32[128, 768, 512][393216, 1, 768]" = torch.ops.aten.permute.default(add_37, [0, 2, 1])
        clone_55: "f32[128, 768, 512][393216, 512, 1]" = torch.ops.aten.clone.default(permute_73, memory_format = torch.contiguous_format);  permute_73 = None
        add_38: "f32[768][1]" = torch.ops.aten.add.Tensor(arg60_1, 1e-05);  arg60_1 = None
        sqrt_6: "f32[768][1]" = torch.ops.aten.sqrt.default(add_38);  add_38 = None
        reciprocal_6: "f32[768][1]" = torch.ops.aten.reciprocal.default(sqrt_6);  sqrt_6 = None
        mul_57: "f32[768][1]" = torch.ops.aten.mul.Tensor(reciprocal_6, 1);  reciprocal_6 = None
        unsqueeze_38: "f32[768, 1][1, 1]" = torch.ops.aten.unsqueeze.default(arg59_1, -1);  arg59_1 = None
        unsqueeze_39: "f32[768, 1][1, 1]" = torch.ops.aten.unsqueeze.default(mul_57, -1);  mul_57 = None
        sub_27: "f32[128, 768, 512][393216, 512, 1]" = torch.ops.aten.sub.Tensor(clone_55, unsqueeze_38);  clone_55 = unsqueeze_38 = None
        mul_58: "f32[128, 768, 512][393216, 512, 1]" = torch.ops.aten.mul.Tensor(sub_27, unsqueeze_39);  sub_27 = unsqueeze_39 = None
        unsqueeze_40: "f32[768, 1][1, 1]" = torch.ops.aten.unsqueeze.default(arg61_1, -1);  arg61_1 = None
        mul_59: "f32[128, 768, 512][393216, 512, 1]" = torch.ops.aten.mul.Tensor(mul_58, unsqueeze_40);  mul_58 = unsqueeze_40 = None
        unsqueeze_41: "f32[768, 1][1, 1]" = torch.ops.aten.unsqueeze.default(arg62_1, -1);  arg62_1 = None
        add_39: "f32[128, 768, 512][393216, 512, 1]" = torch.ops.aten.add.Tensor(mul_59, unsqueeze_41);  mul_59 = unsqueeze_41 = None
        permute_74: "f32[128, 512, 768][393216, 1, 512]" = torch.ops.aten.permute.default(add_39, [0, 2, 1]);  add_39 = None
        
         # File: /home/nlp/matan_avitan/git/nopos_locating_new/nanoGPT/model_nope.py:229 in forward, code: x = self.c_fc(x)
        convert_element_type_159: "bf16[3072, 768][768, 1]" = torch.ops.prims.convert_element_type.default(arg63_1, torch.bfloat16);  arg63_1 = None
        convert_element_type_160: "bf16[128, 512, 768][393216, 1, 512]" = torch.ops.prims.convert_element_type.default(permute_74, torch.bfloat16);  permute_74 = None
        permute_75: "bf16[768, 3072][1, 768]" = torch.ops.aten.permute.default(convert_element_type_159, [1, 0]);  convert_element_type_159 = None
        expand_40: "bf16[128, 512, 768][393216, 1, 512]" = torch.ops.aten.expand.default(convert_element_type_160, [128, 512, 768]);  convert_element_type_160 = None
        expand_41: "bf16[128, 768, 3072][0, 1, 768]" = torch.ops.aten.expand.default(permute_75, [128, 768, 3072]);  permute_75 = None
        bmm_20: "bf16[128, 512, 3072][1572864, 3072, 1]" = torch.ops.aten.bmm.default(expand_40, expand_41);  expand_40 = expand_41 = None
        
         # File: /home/nlp/matan_avitan/git/nopos_locating_new/nanoGPT/model_nope.py:230 in forward, code: x = self.gelu(x)
        convert_element_type_163: "f32[128, 512, 3072][1572864, 3072, 1]" = torch.ops.prims.convert_element_type.default(bmm_20, torch.float32);  bmm_20 = None
        mul_60: "f32[128, 512, 3072][1572864, 3072, 1]" = torch.ops.aten.mul.Tensor(convert_element_type_163, 0.5)
        mul_61: "f32[128, 512, 3072][1572864, 3072, 1]" = torch.ops.aten.mul.Tensor(convert_element_type_163, 0.7071067811865476);  convert_element_type_163 = None
        erf_6: "f32[128, 512, 3072][1572864, 3072, 1]" = torch.ops.aten.erf.default(mul_61);  mul_61 = None
        add_40: "f32[128, 512, 3072][1572864, 3072, 1]" = torch.ops.aten.add.Tensor(erf_6, 1);  erf_6 = None
        mul_62: "f32[128, 512, 3072][1572864, 3072, 1]" = torch.ops.aten.mul.Tensor(mul_60, add_40);  mul_60 = add_40 = None
        convert_element_type_164: "bf16[128, 512, 3072][1572864, 3072, 1]" = torch.ops.prims.convert_element_type.default(mul_62, torch.bfloat16);  mul_62 = None
        
         # File: /home/nlp/matan_avitan/git/nopos_locating_new/nanoGPT/model_nope.py:231 in forward, code: x = self.c_proj(x)
        convert_element_type_165: "bf16[768, 3072][3072, 1]" = torch.ops.prims.convert_element_type.default(arg64_1, torch.bfloat16);  arg64_1 = None
        permute_76: "bf16[3072, 768][1, 3072]" = torch.ops.aten.permute.default(convert_element_type_165, [1, 0]);  convert_element_type_165 = None
        view_131: "bf16[65536, 3072][3072, 1]" = torch.ops.aten.view.default(convert_element_type_164, [65536, 3072]);  convert_element_type_164 = None
        mm_20: "bf16[65536, 768][768, 1]" = torch.ops.aten.mm.default(view_131, permute_76);  view_131 = permute_76 = None
        view_132: "bf16[128, 512, 768][393216, 768, 1]" = torch.ops.aten.view.default(mm_20, [128, 512, 768]);  mm_20 = None
        
         # File: /home/nlp/matan_avitan/git/nopos_locating_new/nanoGPT/model_nope.py:272 in forward, code: x = x + self.mlp(self.ln_2(x))
        add_41: "f32[128, 512, 768][393216, 768, 1]" = torch.ops.aten.add.Tensor(add_37, view_132);  add_37 = view_132 = None
        
         # File: /home/nlp/matan_avitan/git/nopos_locating_new/nanoGPT/model_nope.py:31 in forward, code: return F.layer_norm(input, self.weight.shape, self.weight, self.bias, 1e-5)
        var_mean_7 = torch.ops.aten.var_mean.correction(add_41, [2], correction = 0, keepdim = True)
        getitem_35: "f32[128, 512, 1][512, 1, 1]" = var_mean_7[0]
        getitem_36: "f32[128, 512, 1][512, 1, 1]" = var_mean_7[1];  var_mean_7 = None
        add_42: "f32[128, 512, 1][512, 1, 1]" = torch.ops.aten.add.Tensor(getitem_35, 1e-05);  getitem_35 = None
        rsqrt_7: "f32[128, 512, 1][512, 1, 1]" = torch.ops.aten.rsqrt.default(add_42);  add_42 = None
        sub_28: "f32[128, 512, 768][393216, 768, 1]" = torch.ops.aten.sub.Tensor(add_41, getitem_36);  getitem_36 = None
        mul_63: "f32[128, 512, 768][393216, 768, 1]" = torch.ops.aten.mul.Tensor(sub_28, rsqrt_7);  sub_28 = rsqrt_7 = None
        mul_64: "f32[128, 512, 768][393216, 768, 1]" = torch.ops.aten.mul.Tensor(mul_63, arg65_1);  mul_63 = arg65_1 = None
        
         # File: /home/nlp/matan_avitan/git/nopos_locating_new/nanoGPT/model_nope.py:127 in forward, code: q, k, v = self.c_attn(x).split(self.n_embd, dim=2)
        convert_element_type_168: "bf16[2304, 768][768, 1]" = torch.ops.prims.convert_element_type.default(arg66_1, torch.bfloat16);  arg66_1 = None
        convert_element_type_169: "bf16[128, 512, 768][393216, 768, 1]" = torch.ops.prims.convert_element_type.default(mul_64, torch.bfloat16);  mul_64 = None
        permute_77: "bf16[768, 2304][1, 768]" = torch.ops.aten.permute.default(convert_element_type_168, [1, 0]);  convert_element_type_168 = None
        view_133: "bf16[65536, 768][768, 1]" = torch.ops.aten.view.default(convert_element_type_169, [65536, 768]);  convert_element_type_169 = None
        mm_21: "bf16[65536, 2304][2304, 1]" = torch.ops.aten.mm.default(view_133, permute_77);  view_133 = permute_77 = None
        view_134: "bf16[128, 512, 2304][1179648, 2304, 1]" = torch.ops.aten.view.default(mm_21, [128, 512, 2304]);  mm_21 = None
        split_7 = torch.ops.aten.split.Tensor(view_134, 768, 2);  view_134 = None
        getitem_37: "bf16[128, 512, 768][1179648, 2304, 1]" = split_7[0]
        getitem_38: "bf16[128, 512, 768][1179648, 2304, 1]" = split_7[1]
        getitem_39: "bf16[128, 512, 768][1179648, 2304, 1]" = split_7[2];  split_7 = None
        
         # File: /home/nlp/matan_avitan/git/nopos_locating_new/nanoGPT/model_nope.py:128 in forward, code: k = k.view(B, T, self.n_head, C // self.n_head).transpose(
        view_135: "bf16[128, 512, 12, 64][1179648, 2304, 64, 1]" = torch.ops.aten.view.default(getitem_38, [128, 512, 12, 64]);  getitem_38 = None
        permute_78: "bf16[128, 12, 512, 64][1179648, 64, 2304, 1]" = torch.ops.aten.permute.default(view_135, [0, 2, 1, 3]);  view_135 = None
        
         # File: /home/nlp/matan_avitan/git/nopos_locating_new/nanoGPT/model_nope.py:131 in forward, code: q = q.view(B, T, self.n_head, C // self.n_head).transpose(
        view_136: "bf16[128, 512, 12, 64][1179648, 2304, 64, 1]" = torch.ops.aten.view.default(getitem_37, [128, 512, 12, 64]);  getitem_37 = None
        permute_79: "bf16[128, 12, 512, 64][1179648, 64, 2304, 1]" = torch.ops.aten.permute.default(view_136, [0, 2, 1, 3]);  view_136 = None
        
         # File: /home/nlp/matan_avitan/git/nopos_locating_new/nanoGPT/model_nope.py:134 in forward, code: v = v.view(B, T, self.n_head, C // self.n_head).transpose(
        view_137: "bf16[128, 512, 12, 64][1179648, 2304, 64, 1]" = torch.ops.aten.view.default(getitem_39, [128, 512, 12, 64]);  getitem_39 = None
        permute_80: "bf16[128, 12, 512, 64][1179648, 64, 2304, 1]" = torch.ops.aten.permute.default(view_137, [0, 2, 1, 3]);  view_137 = None
        
         # File: /home/nlp/matan_avitan/git/nopos_locating_new/nanoGPT/model_nope.py:150 in forward, code: att = (q @ k.transpose(-2, -1)) * (1.0 / math.sqrt(k.size(-1)))
        permute_81: "bf16[128, 12, 64, 512][1179648, 64, 1, 2304]" = torch.ops.aten.permute.default(permute_78, [0, 1, 3, 2]);  permute_78 = None
        expand_42: "bf16[128, 12, 512, 64][1179648, 64, 2304, 1]" = torch.ops.aten.expand.default(permute_79, [128, 12, 512, 64]);  permute_79 = None
        clone_57: "bf16[128, 12, 512, 64][393216, 32768, 64, 1]" = torch.ops.aten.clone.default(expand_42, memory_format = torch.contiguous_format);  expand_42 = None
        view_138: "bf16[1536, 512, 64][32768, 64, 1]" = torch.ops.aten.view.default(clone_57, [1536, 512, 64]);  clone_57 = None
        expand_43: "bf16[128, 12, 64, 512][1179648, 64, 1, 2304]" = torch.ops.aten.expand.default(permute_81, [128, 12, 64, 512]);  permute_81 = None
        clone_58: "bf16[128, 12, 64, 512][393216, 32768, 512, 1]" = torch.ops.aten.clone.default(expand_43, memory_format = torch.contiguous_format);  expand_43 = None
        view_139: "bf16[1536, 64, 512][32768, 512, 1]" = torch.ops.aten.view.default(clone_58, [1536, 64, 512]);  clone_58 = None
        bmm_21: "bf16[1536, 512, 512][262144, 512, 1]" = torch.ops.aten.bmm.default(view_138, view_139);  view_138 = view_139 = None
        view_140: "bf16[128, 12, 512, 512][3145728, 262144, 512, 1]" = torch.ops.aten.view.default(bmm_21, [128, 12, 512, 512]);  bmm_21 = None
        mul_65: "bf16[128, 12, 512, 512][3145728, 262144, 512, 1]" = torch.ops.aten.mul.Tensor(view_140, 0.125);  view_140 = None
        
         # File: /home/nlp/matan_avitan/git/nopos_locating_new/nanoGPT/model_nope.py:153 in forward, code: torch.ones(T, T, device=x.device, dtype=torch.bool), diagonal=1
        full_28: "b8[512, 512][512, 1]" = torch.ops.aten.full.default([512, 512], True, dtype = torch.bool, layout = torch.strided, device = device(type='cuda', index=0), pin_memory = False)
        
         # File: /home/nlp/matan_avitan/git/nopos_locating_new/nanoGPT/model_nope.py:152 in forward, code: causal_mask = torch.triu(
        iota_14: "i64[512][1]" = torch.ops.prims.iota.default(512, start = 0, step = 1, dtype = torch.int64, device = device(type='cuda', index=0), requires_grad = False)
        unsqueeze_42: "i64[1, 512][512, 1]" = torch.ops.aten.unsqueeze.default(iota_14, -2);  iota_14 = None
        iota_15: "i64[512][1]" = torch.ops.prims.iota.default(512, start = 0, step = 1, dtype = torch.int64, device = device(type='cuda', index=0), requires_grad = False)
        unsqueeze_43: "i64[512, 1][1, 1]" = torch.ops.aten.unsqueeze.default(iota_15, -1);  iota_15 = None
        sub_29: "i64[512, 512][512, 1]" = torch.ops.aten.sub.Tensor(unsqueeze_42, unsqueeze_43);  unsqueeze_42 = unsqueeze_43 = None
        ge_7: "b8[512, 512][512, 1]" = torch.ops.aten.ge.Scalar(sub_29, 1);  sub_29 = None
        logical_and_7: "b8[512, 512][512, 1]" = torch.ops.aten.logical_and.default(ge_7, full_28);  ge_7 = full_28 = None
        
         # File: /home/nlp/matan_avitan/git/nopos_locating_new/nanoGPT/model_nope.py:155 in forward, code: att = att.masked_fill(causal_mask, float("-inf"))
        scalar_tensor_7: "bf16[][]" = torch.ops.aten.scalar_tensor.default(-inf, dtype = torch.bfloat16, layout = torch.strided, device = device(type='cuda', index=0))
        where_7: "bf16[128, 12, 512, 512][3145728, 262144, 512, 1]" = torch.ops.aten.where.self(logical_and_7, scalar_tensor_7, mul_65);  logical_and_7 = scalar_tensor_7 = mul_65 = None
        
         # File: /home/nlp/matan_avitan/git/nopos_locating_new/nanoGPT/model_nope.py:156 in forward, code: att = F.softmax(att, dim=-1)
        convert_element_type_174: "f32[128, 12, 512, 512][3145728, 262144, 512, 1]" = torch.ops.prims.convert_element_type.default(where_7, torch.float32);  where_7 = None
        amax_7: "f32[128, 12, 512, 1][6144, 512, 1, 1]" = torch.ops.aten.amax.default(convert_element_type_174, [-1], True)
        sub_30: "f32[128, 12, 512, 512][3145728, 262144, 512, 1]" = torch.ops.aten.sub.Tensor(convert_element_type_174, amax_7);  convert_element_type_174 = amax_7 = None
        exp_7: "f32[128, 12, 512, 512][3145728, 262144, 512, 1]" = torch.ops.aten.exp.default(sub_30);  sub_30 = None
        sum_8: "f32[128, 12, 512, 1][6144, 512, 1, 1]" = torch.ops.aten.sum.dim_IntList(exp_7, [-1], True)
        div_7: "f32[128, 12, 512, 512][3145728, 262144, 512, 1]" = torch.ops.aten.div.Tensor(exp_7, sum_8);  exp_7 = sum_8 = None
        
         # File: /home/nlp/matan_avitan/git/nopos_locating_new/nanoGPT/model_nope.py:163 in forward, code: y = att @ v  # (B, nh, T, T) x (B, nh, T, hs) -> (B, nh, T, hs)
        convert_element_type_175: "bf16[128, 12, 512, 512][3145728, 262144, 512, 1]" = torch.ops.prims.convert_element_type.default(div_7, torch.bfloat16);  div_7 = None
        expand_44: "bf16[128, 12, 512, 512][3145728, 262144, 512, 1]" = torch.ops.aten.expand.default(convert_element_type_175, [128, 12, 512, 512]);  convert_element_type_175 = None
        view_141: "bf16[1536, 512, 512][262144, 512, 1]" = torch.ops.aten.view.default(expand_44, [1536, 512, 512]);  expand_44 = None
        expand_45: "bf16[128, 12, 512, 64][1179648, 64, 2304, 1]" = torch.ops.aten.expand.default(permute_80, [128, 12, 512, 64]);  permute_80 = None
        clone_60: "bf16[128, 12, 512, 64][393216, 32768, 64, 1]" = torch.ops.aten.clone.default(expand_45, memory_format = torch.contiguous_format);  expand_45 = None
        view_142: "bf16[1536, 512, 64][32768, 64, 1]" = torch.ops.aten.view.default(clone_60, [1536, 512, 64]);  clone_60 = None
        bmm_22: "bf16[1536, 512, 64][32768, 64, 1]" = torch.ops.aten.bmm.default(view_141, view_142);  view_141 = view_142 = None
        view_143: "bf16[128, 12, 512, 64][393216, 32768, 64, 1]" = torch.ops.aten.view.default(bmm_22, [128, 12, 512, 64]);  bmm_22 = None
        
         # File: /home/nlp/matan_avitan/git/nopos_locating_new/nanoGPT/model_nope.py:166 in forward, code: y = y.transpose(1, 2).contiguous().view(B, T, C)
        permute_82: "bf16[128, 512, 12, 64][393216, 64, 32768, 1]" = torch.ops.aten.permute.default(view_143, [0, 2, 1, 3]);  view_143 = None
        clone_61: "bf16[128, 512, 12, 64][393216, 768, 64, 1]" = torch.ops.aten.clone.default(permute_82, memory_format = torch.contiguous_format);  permute_82 = None
        view_144: "bf16[128, 512, 768][393216, 768, 1]" = torch.ops.aten.view.default(clone_61, [128, 512, 768]);  clone_61 = None
        
         # File: /home/nlp/matan_avitan/git/nopos_locating_new/nanoGPT/model_nope.py:169 in forward, code: y = self.resid_dropout(self.c_proj(y))
        convert_element_type_178: "bf16[768, 768][768, 1]" = torch.ops.prims.convert_element_type.default(arg67_1, torch.bfloat16);  arg67_1 = None
        permute_83: "bf16[768, 768][1, 768]" = torch.ops.aten.permute.default(convert_element_type_178, [1, 0]);  convert_element_type_178 = None
        view_145: "bf16[65536, 768][768, 1]" = torch.ops.aten.view.default(view_144, [65536, 768]);  view_144 = None
        mm_22: "bf16[65536, 768][768, 1]" = torch.ops.aten.mm.default(view_145, permute_83);  view_145 = permute_83 = None
        view_146: "bf16[128, 512, 768][393216, 768, 1]" = torch.ops.aten.view.default(mm_22, [128, 512, 768]);  mm_22 = None
        
         # File: /home/nlp/matan_avitan/git/nopos_locating_new/nanoGPT/model_nope.py:268 in forward, code: x = x + self.attn(self.ln_1(x))
        add_43: "f32[128, 512, 768][393216, 768, 1]" = torch.ops.aten.add.Tensor(add_41, view_146);  add_41 = view_146 = None
        
         # File: /home/nlp/matan_avitan/git/nopos_locating_new/nanoGPT/model_nope.py:78 in forward, code: return self.bn(x.transpose(1, 2)).transpose(1, 2)
        permute_84: "f32[128, 768, 512][393216, 1, 768]" = torch.ops.aten.permute.default(add_43, [0, 2, 1])
        clone_63: "f32[128, 768, 512][393216, 512, 1]" = torch.ops.aten.clone.default(permute_84, memory_format = torch.contiguous_format);  permute_84 = None
        add_44: "f32[768][1]" = torch.ops.aten.add.Tensor(arg69_1, 1e-05);  arg69_1 = None
        sqrt_7: "f32[768][1]" = torch.ops.aten.sqrt.default(add_44);  add_44 = None
        reciprocal_7: "f32[768][1]" = torch.ops.aten.reciprocal.default(sqrt_7);  sqrt_7 = None
        mul_66: "f32[768][1]" = torch.ops.aten.mul.Tensor(reciprocal_7, 1);  reciprocal_7 = None
        unsqueeze_44: "f32[768, 1][1, 1]" = torch.ops.aten.unsqueeze.default(arg68_1, -1);  arg68_1 = None
        unsqueeze_45: "f32[768, 1][1, 1]" = torch.ops.aten.unsqueeze.default(mul_66, -1);  mul_66 = None
        sub_31: "f32[128, 768, 512][393216, 512, 1]" = torch.ops.aten.sub.Tensor(clone_63, unsqueeze_44);  clone_63 = unsqueeze_44 = None
        mul_67: "f32[128, 768, 512][393216, 512, 1]" = torch.ops.aten.mul.Tensor(sub_31, unsqueeze_45);  sub_31 = unsqueeze_45 = None
        unsqueeze_46: "f32[768, 1][1, 1]" = torch.ops.aten.unsqueeze.default(arg70_1, -1);  arg70_1 = None
        mul_68: "f32[128, 768, 512][393216, 512, 1]" = torch.ops.aten.mul.Tensor(mul_67, unsqueeze_46);  mul_67 = unsqueeze_46 = None
        unsqueeze_47: "f32[768, 1][1, 1]" = torch.ops.aten.unsqueeze.default(arg71_1, -1);  arg71_1 = None
        add_45: "f32[128, 768, 512][393216, 512, 1]" = torch.ops.aten.add.Tensor(mul_68, unsqueeze_47);  mul_68 = unsqueeze_47 = None
        permute_85: "f32[128, 512, 768][393216, 1, 512]" = torch.ops.aten.permute.default(add_45, [0, 2, 1]);  add_45 = None
        
         # File: /home/nlp/matan_avitan/git/nopos_locating_new/nanoGPT/model_nope.py:229 in forward, code: x = self.c_fc(x)
        convert_element_type_183: "bf16[3072, 768][768, 1]" = torch.ops.prims.convert_element_type.default(arg72_1, torch.bfloat16);  arg72_1 = None
        convert_element_type_184: "bf16[128, 512, 768][393216, 1, 512]" = torch.ops.prims.convert_element_type.default(permute_85, torch.bfloat16);  permute_85 = None
        permute_86: "bf16[768, 3072][1, 768]" = torch.ops.aten.permute.default(convert_element_type_183, [1, 0]);  convert_element_type_183 = None
        expand_46: "bf16[128, 512, 768][393216, 1, 512]" = torch.ops.aten.expand.default(convert_element_type_184, [128, 512, 768]);  convert_element_type_184 = None
        expand_47: "bf16[128, 768, 3072][0, 1, 768]" = torch.ops.aten.expand.default(permute_86, [128, 768, 3072]);  permute_86 = None
        bmm_23: "bf16[128, 512, 3072][1572864, 3072, 1]" = torch.ops.aten.bmm.default(expand_46, expand_47);  expand_46 = expand_47 = None
        
         # File: /home/nlp/matan_avitan/git/nopos_locating_new/nanoGPT/model_nope.py:230 in forward, code: x = self.gelu(x)
        convert_element_type_187: "f32[128, 512, 3072][1572864, 3072, 1]" = torch.ops.prims.convert_element_type.default(bmm_23, torch.float32);  bmm_23 = None
        mul_69: "f32[128, 512, 3072][1572864, 3072, 1]" = torch.ops.aten.mul.Tensor(convert_element_type_187, 0.5)
        mul_70: "f32[128, 512, 3072][1572864, 3072, 1]" = torch.ops.aten.mul.Tensor(convert_element_type_187, 0.7071067811865476);  convert_element_type_187 = None
        erf_7: "f32[128, 512, 3072][1572864, 3072, 1]" = torch.ops.aten.erf.default(mul_70);  mul_70 = None
        add_46: "f32[128, 512, 3072][1572864, 3072, 1]" = torch.ops.aten.add.Tensor(erf_7, 1);  erf_7 = None
        mul_71: "f32[128, 512, 3072][1572864, 3072, 1]" = torch.ops.aten.mul.Tensor(mul_69, add_46);  mul_69 = add_46 = None
        convert_element_type_188: "bf16[128, 512, 3072][1572864, 3072, 1]" = torch.ops.prims.convert_element_type.default(mul_71, torch.bfloat16);  mul_71 = None
        
         # File: /home/nlp/matan_avitan/git/nopos_locating_new/nanoGPT/model_nope.py:231 in forward, code: x = self.c_proj(x)
        convert_element_type_189: "bf16[768, 3072][3072, 1]" = torch.ops.prims.convert_element_type.default(arg73_1, torch.bfloat16);  arg73_1 = None
        permute_87: "bf16[3072, 768][1, 3072]" = torch.ops.aten.permute.default(convert_element_type_189, [1, 0]);  convert_element_type_189 = None
        view_150: "bf16[65536, 3072][3072, 1]" = torch.ops.aten.view.default(convert_element_type_188, [65536, 3072]);  convert_element_type_188 = None
        mm_23: "bf16[65536, 768][768, 1]" = torch.ops.aten.mm.default(view_150, permute_87);  view_150 = permute_87 = None
        view_151: "bf16[128, 512, 768][393216, 768, 1]" = torch.ops.aten.view.default(mm_23, [128, 512, 768]);  mm_23 = None
        
         # File: /home/nlp/matan_avitan/git/nopos_locating_new/nanoGPT/model_nope.py:272 in forward, code: x = x + self.mlp(self.ln_2(x))
        add_47: "f32[128, 512, 768][393216, 768, 1]" = torch.ops.aten.add.Tensor(add_43, view_151);  add_43 = view_151 = None
        
         # File: /home/nlp/matan_avitan/git/nopos_locating_new/nanoGPT/model_nope.py:31 in forward, code: return F.layer_norm(input, self.weight.shape, self.weight, self.bias, 1e-5)
        var_mean_8 = torch.ops.aten.var_mean.correction(add_47, [2], correction = 0, keepdim = True)
        getitem_40: "f32[128, 512, 1][512, 1, 1]" = var_mean_8[0]
        getitem_41: "f32[128, 512, 1][512, 1, 1]" = var_mean_8[1];  var_mean_8 = None
        add_48: "f32[128, 512, 1][512, 1, 1]" = torch.ops.aten.add.Tensor(getitem_40, 1e-05);  getitem_40 = None
        rsqrt_8: "f32[128, 512, 1][512, 1, 1]" = torch.ops.aten.rsqrt.default(add_48);  add_48 = None
        sub_32: "f32[128, 512, 768][393216, 768, 1]" = torch.ops.aten.sub.Tensor(add_47, getitem_41);  getitem_41 = None
        mul_72: "f32[128, 512, 768][393216, 768, 1]" = torch.ops.aten.mul.Tensor(sub_32, rsqrt_8);  sub_32 = rsqrt_8 = None
        mul_73: "f32[128, 512, 768][393216, 768, 1]" = torch.ops.aten.mul.Tensor(mul_72, arg74_1);  mul_72 = arg74_1 = None
        
         # File: /home/nlp/matan_avitan/git/nopos_locating_new/nanoGPT/model_nope.py:127 in forward, code: q, k, v = self.c_attn(x).split(self.n_embd, dim=2)
        convert_element_type_192: "bf16[2304, 768][768, 1]" = torch.ops.prims.convert_element_type.default(arg75_1, torch.bfloat16);  arg75_1 = None
        convert_element_type_193: "bf16[128, 512, 768][393216, 768, 1]" = torch.ops.prims.convert_element_type.default(mul_73, torch.bfloat16);  mul_73 = None
        permute_88: "bf16[768, 2304][1, 768]" = torch.ops.aten.permute.default(convert_element_type_192, [1, 0]);  convert_element_type_192 = None
        view_152: "bf16[65536, 768][768, 1]" = torch.ops.aten.view.default(convert_element_type_193, [65536, 768]);  convert_element_type_193 = None
        mm_24: "bf16[65536, 2304][2304, 1]" = torch.ops.aten.mm.default(view_152, permute_88);  view_152 = permute_88 = None
        view_153: "bf16[128, 512, 2304][1179648, 2304, 1]" = torch.ops.aten.view.default(mm_24, [128, 512, 2304]);  mm_24 = None
        split_8 = torch.ops.aten.split.Tensor(view_153, 768, 2);  view_153 = None
        getitem_42: "bf16[128, 512, 768][1179648, 2304, 1]" = split_8[0]
        getitem_43: "bf16[128, 512, 768][1179648, 2304, 1]" = split_8[1]
        getitem_44: "bf16[128, 512, 768][1179648, 2304, 1]" = split_8[2];  split_8 = None
        
         # File: /home/nlp/matan_avitan/git/nopos_locating_new/nanoGPT/model_nope.py:128 in forward, code: k = k.view(B, T, self.n_head, C // self.n_head).transpose(
        view_154: "bf16[128, 512, 12, 64][1179648, 2304, 64, 1]" = torch.ops.aten.view.default(getitem_43, [128, 512, 12, 64]);  getitem_43 = None
        permute_89: "bf16[128, 12, 512, 64][1179648, 64, 2304, 1]" = torch.ops.aten.permute.default(view_154, [0, 2, 1, 3]);  view_154 = None
        
         # File: /home/nlp/matan_avitan/git/nopos_locating_new/nanoGPT/model_nope.py:131 in forward, code: q = q.view(B, T, self.n_head, C // self.n_head).transpose(
        view_155: "bf16[128, 512, 12, 64][1179648, 2304, 64, 1]" = torch.ops.aten.view.default(getitem_42, [128, 512, 12, 64]);  getitem_42 = None
        permute_90: "bf16[128, 12, 512, 64][1179648, 64, 2304, 1]" = torch.ops.aten.permute.default(view_155, [0, 2, 1, 3]);  view_155 = None
        
         # File: /home/nlp/matan_avitan/git/nopos_locating_new/nanoGPT/model_nope.py:134 in forward, code: v = v.view(B, T, self.n_head, C // self.n_head).transpose(
        view_156: "bf16[128, 512, 12, 64][1179648, 2304, 64, 1]" = torch.ops.aten.view.default(getitem_44, [128, 512, 12, 64]);  getitem_44 = None
        permute_91: "bf16[128, 12, 512, 64][1179648, 64, 2304, 1]" = torch.ops.aten.permute.default(view_156, [0, 2, 1, 3]);  view_156 = None
        
         # File: /home/nlp/matan_avitan/git/nopos_locating_new/nanoGPT/model_nope.py:150 in forward, code: att = (q @ k.transpose(-2, -1)) * (1.0 / math.sqrt(k.size(-1)))
        permute_92: "bf16[128, 12, 64, 512][1179648, 64, 1, 2304]" = torch.ops.aten.permute.default(permute_89, [0, 1, 3, 2]);  permute_89 = None
        expand_48: "bf16[128, 12, 512, 64][1179648, 64, 2304, 1]" = torch.ops.aten.expand.default(permute_90, [128, 12, 512, 64]);  permute_90 = None
        clone_65: "bf16[128, 12, 512, 64][393216, 32768, 64, 1]" = torch.ops.aten.clone.default(expand_48, memory_format = torch.contiguous_format);  expand_48 = None
        view_157: "bf16[1536, 512, 64][32768, 64, 1]" = torch.ops.aten.view.default(clone_65, [1536, 512, 64]);  clone_65 = None
        expand_49: "bf16[128, 12, 64, 512][1179648, 64, 1, 2304]" = torch.ops.aten.expand.default(permute_92, [128, 12, 64, 512]);  permute_92 = None
        clone_66: "bf16[128, 12, 64, 512][393216, 32768, 512, 1]" = torch.ops.aten.clone.default(expand_49, memory_format = torch.contiguous_format);  expand_49 = None
        view_158: "bf16[1536, 64, 512][32768, 512, 1]" = torch.ops.aten.view.default(clone_66, [1536, 64, 512]);  clone_66 = None
        bmm_24: "bf16[1536, 512, 512][262144, 512, 1]" = torch.ops.aten.bmm.default(view_157, view_158);  view_157 = view_158 = None
        view_159: "bf16[128, 12, 512, 512][3145728, 262144, 512, 1]" = torch.ops.aten.view.default(bmm_24, [128, 12, 512, 512]);  bmm_24 = None
        mul_74: "bf16[128, 12, 512, 512][3145728, 262144, 512, 1]" = torch.ops.aten.mul.Tensor(view_159, 0.125);  view_159 = None
        
         # File: /home/nlp/matan_avitan/git/nopos_locating_new/nanoGPT/model_nope.py:153 in forward, code: torch.ones(T, T, device=x.device, dtype=torch.bool), diagonal=1
        full_32: "b8[512, 512][512, 1]" = torch.ops.aten.full.default([512, 512], True, dtype = torch.bool, layout = torch.strided, device = device(type='cuda', index=0), pin_memory = False)
        
         # File: /home/nlp/matan_avitan/git/nopos_locating_new/nanoGPT/model_nope.py:152 in forward, code: causal_mask = torch.triu(
        iota_16: "i64[512][1]" = torch.ops.prims.iota.default(512, start = 0, step = 1, dtype = torch.int64, device = device(type='cuda', index=0), requires_grad = False)
        unsqueeze_48: "i64[1, 512][512, 1]" = torch.ops.aten.unsqueeze.default(iota_16, -2);  iota_16 = None
        iota_17: "i64[512][1]" = torch.ops.prims.iota.default(512, start = 0, step = 1, dtype = torch.int64, device = device(type='cuda', index=0), requires_grad = False)
        unsqueeze_49: "i64[512, 1][1, 1]" = torch.ops.aten.unsqueeze.default(iota_17, -1);  iota_17 = None
        sub_33: "i64[512, 512][512, 1]" = torch.ops.aten.sub.Tensor(unsqueeze_48, unsqueeze_49);  unsqueeze_48 = unsqueeze_49 = None
        ge_8: "b8[512, 512][512, 1]" = torch.ops.aten.ge.Scalar(sub_33, 1);  sub_33 = None
        logical_and_8: "b8[512, 512][512, 1]" = torch.ops.aten.logical_and.default(ge_8, full_32);  ge_8 = full_32 = None
        
         # File: /home/nlp/matan_avitan/git/nopos_locating_new/nanoGPT/model_nope.py:155 in forward, code: att = att.masked_fill(causal_mask, float("-inf"))
        scalar_tensor_8: "bf16[][]" = torch.ops.aten.scalar_tensor.default(-inf, dtype = torch.bfloat16, layout = torch.strided, device = device(type='cuda', index=0))
        where_8: "bf16[128, 12, 512, 512][3145728, 262144, 512, 1]" = torch.ops.aten.where.self(logical_and_8, scalar_tensor_8, mul_74);  logical_and_8 = scalar_tensor_8 = mul_74 = None
        
         # File: /home/nlp/matan_avitan/git/nopos_locating_new/nanoGPT/model_nope.py:156 in forward, code: att = F.softmax(att, dim=-1)
        convert_element_type_198: "f32[128, 12, 512, 512][3145728, 262144, 512, 1]" = torch.ops.prims.convert_element_type.default(where_8, torch.float32);  where_8 = None
        amax_8: "f32[128, 12, 512, 1][6144, 512, 1, 1]" = torch.ops.aten.amax.default(convert_element_type_198, [-1], True)
        sub_34: "f32[128, 12, 512, 512][3145728, 262144, 512, 1]" = torch.ops.aten.sub.Tensor(convert_element_type_198, amax_8);  convert_element_type_198 = amax_8 = None
        exp_8: "f32[128, 12, 512, 512][3145728, 262144, 512, 1]" = torch.ops.aten.exp.default(sub_34);  sub_34 = None
        sum_9: "f32[128, 12, 512, 1][6144, 512, 1, 1]" = torch.ops.aten.sum.dim_IntList(exp_8, [-1], True)
        div_8: "f32[128, 12, 512, 512][3145728, 262144, 512, 1]" = torch.ops.aten.div.Tensor(exp_8, sum_9);  exp_8 = sum_9 = None
        
         # File: /home/nlp/matan_avitan/git/nopos_locating_new/nanoGPT/model_nope.py:163 in forward, code: y = att @ v  # (B, nh, T, T) x (B, nh, T, hs) -> (B, nh, T, hs)
        convert_element_type_199: "bf16[128, 12, 512, 512][3145728, 262144, 512, 1]" = torch.ops.prims.convert_element_type.default(div_8, torch.bfloat16);  div_8 = None
        expand_50: "bf16[128, 12, 512, 512][3145728, 262144, 512, 1]" = torch.ops.aten.expand.default(convert_element_type_199, [128, 12, 512, 512]);  convert_element_type_199 = None
        view_160: "bf16[1536, 512, 512][262144, 512, 1]" = torch.ops.aten.view.default(expand_50, [1536, 512, 512]);  expand_50 = None
        expand_51: "bf16[128, 12, 512, 64][1179648, 64, 2304, 1]" = torch.ops.aten.expand.default(permute_91, [128, 12, 512, 64]);  permute_91 = None
        clone_68: "bf16[128, 12, 512, 64][393216, 32768, 64, 1]" = torch.ops.aten.clone.default(expand_51, memory_format = torch.contiguous_format);  expand_51 = None
        view_161: "bf16[1536, 512, 64][32768, 64, 1]" = torch.ops.aten.view.default(clone_68, [1536, 512, 64]);  clone_68 = None
        bmm_25: "bf16[1536, 512, 64][32768, 64, 1]" = torch.ops.aten.bmm.default(view_160, view_161);  view_160 = view_161 = None
        view_162: "bf16[128, 12, 512, 64][393216, 32768, 64, 1]" = torch.ops.aten.view.default(bmm_25, [128, 12, 512, 64]);  bmm_25 = None
        
         # File: /home/nlp/matan_avitan/git/nopos_locating_new/nanoGPT/model_nope.py:166 in forward, code: y = y.transpose(1, 2).contiguous().view(B, T, C)
        permute_93: "bf16[128, 512, 12, 64][393216, 64, 32768, 1]" = torch.ops.aten.permute.default(view_162, [0, 2, 1, 3]);  view_162 = None
        clone_69: "bf16[128, 512, 12, 64][393216, 768, 64, 1]" = torch.ops.aten.clone.default(permute_93, memory_format = torch.contiguous_format);  permute_93 = None
        view_163: "bf16[128, 512, 768][393216, 768, 1]" = torch.ops.aten.view.default(clone_69, [128, 512, 768]);  clone_69 = None
        
         # File: /home/nlp/matan_avitan/git/nopos_locating_new/nanoGPT/model_nope.py:169 in forward, code: y = self.resid_dropout(self.c_proj(y))
        convert_element_type_202: "bf16[768, 768][768, 1]" = torch.ops.prims.convert_element_type.default(arg76_1, torch.bfloat16);  arg76_1 = None
        permute_94: "bf16[768, 768][1, 768]" = torch.ops.aten.permute.default(convert_element_type_202, [1, 0]);  convert_element_type_202 = None
        view_164: "bf16[65536, 768][768, 1]" = torch.ops.aten.view.default(view_163, [65536, 768]);  view_163 = None
        mm_25: "bf16[65536, 768][768, 1]" = torch.ops.aten.mm.default(view_164, permute_94);  view_164 = permute_94 = None
        view_165: "bf16[128, 512, 768][393216, 768, 1]" = torch.ops.aten.view.default(mm_25, [128, 512, 768]);  mm_25 = None
        
         # File: /home/nlp/matan_avitan/git/nopos_locating_new/nanoGPT/model_nope.py:268 in forward, code: x = x + self.attn(self.ln_1(x))
        add_49: "f32[128, 512, 768][393216, 768, 1]" = torch.ops.aten.add.Tensor(add_47, view_165);  add_47 = view_165 = None
        
         # File: /home/nlp/matan_avitan/git/nopos_locating_new/nanoGPT/model_nope.py:78 in forward, code: return self.bn(x.transpose(1, 2)).transpose(1, 2)
        permute_95: "f32[128, 768, 512][393216, 1, 768]" = torch.ops.aten.permute.default(add_49, [0, 2, 1])
        clone_71: "f32[128, 768, 512][393216, 512, 1]" = torch.ops.aten.clone.default(permute_95, memory_format = torch.contiguous_format);  permute_95 = None
        add_50: "f32[768][1]" = torch.ops.aten.add.Tensor(arg78_1, 1e-05);  arg78_1 = None
        sqrt_8: "f32[768][1]" = torch.ops.aten.sqrt.default(add_50);  add_50 = None
        reciprocal_8: "f32[768][1]" = torch.ops.aten.reciprocal.default(sqrt_8);  sqrt_8 = None
        mul_75: "f32[768][1]" = torch.ops.aten.mul.Tensor(reciprocal_8, 1);  reciprocal_8 = None
        unsqueeze_50: "f32[768, 1][1, 1]" = torch.ops.aten.unsqueeze.default(arg77_1, -1);  arg77_1 = None
        unsqueeze_51: "f32[768, 1][1, 1]" = torch.ops.aten.unsqueeze.default(mul_75, -1);  mul_75 = None
        sub_35: "f32[128, 768, 512][393216, 512, 1]" = torch.ops.aten.sub.Tensor(clone_71, unsqueeze_50);  clone_71 = unsqueeze_50 = None
        mul_76: "f32[128, 768, 512][393216, 512, 1]" = torch.ops.aten.mul.Tensor(sub_35, unsqueeze_51);  sub_35 = unsqueeze_51 = None
        unsqueeze_52: "f32[768, 1][1, 1]" = torch.ops.aten.unsqueeze.default(arg79_1, -1);  arg79_1 = None
        mul_77: "f32[128, 768, 512][393216, 512, 1]" = torch.ops.aten.mul.Tensor(mul_76, unsqueeze_52);  mul_76 = unsqueeze_52 = None
        unsqueeze_53: "f32[768, 1][1, 1]" = torch.ops.aten.unsqueeze.default(arg80_1, -1);  arg80_1 = None
        add_51: "f32[128, 768, 512][393216, 512, 1]" = torch.ops.aten.add.Tensor(mul_77, unsqueeze_53);  mul_77 = unsqueeze_53 = None
        permute_96: "f32[128, 512, 768][393216, 1, 512]" = torch.ops.aten.permute.default(add_51, [0, 2, 1]);  add_51 = None
        
         # File: /home/nlp/matan_avitan/git/nopos_locating_new/nanoGPT/model_nope.py:229 in forward, code: x = self.c_fc(x)
        convert_element_type_207: "bf16[3072, 768][768, 1]" = torch.ops.prims.convert_element_type.default(arg81_1, torch.bfloat16);  arg81_1 = None
        convert_element_type_208: "bf16[128, 512, 768][393216, 1, 512]" = torch.ops.prims.convert_element_type.default(permute_96, torch.bfloat16);  permute_96 = None
        permute_97: "bf16[768, 3072][1, 768]" = torch.ops.aten.permute.default(convert_element_type_207, [1, 0]);  convert_element_type_207 = None
        expand_52: "bf16[128, 512, 768][393216, 1, 512]" = torch.ops.aten.expand.default(convert_element_type_208, [128, 512, 768]);  convert_element_type_208 = None
        expand_53: "bf16[128, 768, 3072][0, 1, 768]" = torch.ops.aten.expand.default(permute_97, [128, 768, 3072]);  permute_97 = None
        bmm_26: "bf16[128, 512, 3072][1572864, 3072, 1]" = torch.ops.aten.bmm.default(expand_52, expand_53);  expand_52 = expand_53 = None
        
         # File: /home/nlp/matan_avitan/git/nopos_locating_new/nanoGPT/model_nope.py:230 in forward, code: x = self.gelu(x)
        convert_element_type_211: "f32[128, 512, 3072][1572864, 3072, 1]" = torch.ops.prims.convert_element_type.default(bmm_26, torch.float32);  bmm_26 = None
        mul_78: "f32[128, 512, 3072][1572864, 3072, 1]" = torch.ops.aten.mul.Tensor(convert_element_type_211, 0.5)
        mul_79: "f32[128, 512, 3072][1572864, 3072, 1]" = torch.ops.aten.mul.Tensor(convert_element_type_211, 0.7071067811865476);  convert_element_type_211 = None
        erf_8: "f32[128, 512, 3072][1572864, 3072, 1]" = torch.ops.aten.erf.default(mul_79);  mul_79 = None
        add_52: "f32[128, 512, 3072][1572864, 3072, 1]" = torch.ops.aten.add.Tensor(erf_8, 1);  erf_8 = None
        mul_80: "f32[128, 512, 3072][1572864, 3072, 1]" = torch.ops.aten.mul.Tensor(mul_78, add_52);  mul_78 = add_52 = None
        convert_element_type_212: "bf16[128, 512, 3072][1572864, 3072, 1]" = torch.ops.prims.convert_element_type.default(mul_80, torch.bfloat16);  mul_80 = None
        
         # File: /home/nlp/matan_avitan/git/nopos_locating_new/nanoGPT/model_nope.py:231 in forward, code: x = self.c_proj(x)
        convert_element_type_213: "bf16[768, 3072][3072, 1]" = torch.ops.prims.convert_element_type.default(arg82_1, torch.bfloat16);  arg82_1 = None
        permute_98: "bf16[3072, 768][1, 3072]" = torch.ops.aten.permute.default(convert_element_type_213, [1, 0]);  convert_element_type_213 = None
        view_169: "bf16[65536, 3072][3072, 1]" = torch.ops.aten.view.default(convert_element_type_212, [65536, 3072]);  convert_element_type_212 = None
        mm_26: "bf16[65536, 768][768, 1]" = torch.ops.aten.mm.default(view_169, permute_98);  view_169 = permute_98 = None
        view_170: "bf16[128, 512, 768][393216, 768, 1]" = torch.ops.aten.view.default(mm_26, [128, 512, 768]);  mm_26 = None
        
         # File: /home/nlp/matan_avitan/git/nopos_locating_new/nanoGPT/model_nope.py:272 in forward, code: x = x + self.mlp(self.ln_2(x))
        add_53: "f32[128, 512, 768][393216, 768, 1]" = torch.ops.aten.add.Tensor(add_49, view_170);  add_49 = view_170 = None
        
         # File: /home/nlp/matan_avitan/git/nopos_locating_new/nanoGPT/model_nope.py:31 in forward, code: return F.layer_norm(input, self.weight.shape, self.weight, self.bias, 1e-5)
        var_mean_9 = torch.ops.aten.var_mean.correction(add_53, [2], correction = 0, keepdim = True)
        getitem_45: "f32[128, 512, 1][512, 1, 1]" = var_mean_9[0]
        getitem_46: "f32[128, 512, 1][512, 1, 1]" = var_mean_9[1];  var_mean_9 = None
        add_54: "f32[128, 512, 1][512, 1, 1]" = torch.ops.aten.add.Tensor(getitem_45, 1e-05);  getitem_45 = None
        rsqrt_9: "f32[128, 512, 1][512, 1, 1]" = torch.ops.aten.rsqrt.default(add_54);  add_54 = None
        sub_36: "f32[128, 512, 768][393216, 768, 1]" = torch.ops.aten.sub.Tensor(add_53, getitem_46);  getitem_46 = None
        mul_81: "f32[128, 512, 768][393216, 768, 1]" = torch.ops.aten.mul.Tensor(sub_36, rsqrt_9);  sub_36 = rsqrt_9 = None
        mul_82: "f32[128, 512, 768][393216, 768, 1]" = torch.ops.aten.mul.Tensor(mul_81, arg83_1);  mul_81 = arg83_1 = None
        
         # File: /home/nlp/matan_avitan/git/nopos_locating_new/nanoGPT/model_nope.py:127 in forward, code: q, k, v = self.c_attn(x).split(self.n_embd, dim=2)
        convert_element_type_216: "bf16[2304, 768][768, 1]" = torch.ops.prims.convert_element_type.default(arg84_1, torch.bfloat16);  arg84_1 = None
        convert_element_type_217: "bf16[128, 512, 768][393216, 768, 1]" = torch.ops.prims.convert_element_type.default(mul_82, torch.bfloat16);  mul_82 = None
        permute_99: "bf16[768, 2304][1, 768]" = torch.ops.aten.permute.default(convert_element_type_216, [1, 0]);  convert_element_type_216 = None
        view_171: "bf16[65536, 768][768, 1]" = torch.ops.aten.view.default(convert_element_type_217, [65536, 768]);  convert_element_type_217 = None
        mm_27: "bf16[65536, 2304][2304, 1]" = torch.ops.aten.mm.default(view_171, permute_99);  view_171 = permute_99 = None
        view_172: "bf16[128, 512, 2304][1179648, 2304, 1]" = torch.ops.aten.view.default(mm_27, [128, 512, 2304]);  mm_27 = None
        split_9 = torch.ops.aten.split.Tensor(view_172, 768, 2);  view_172 = None
        getitem_47: "bf16[128, 512, 768][1179648, 2304, 1]" = split_9[0]
        getitem_48: "bf16[128, 512, 768][1179648, 2304, 1]" = split_9[1]
        getitem_49: "bf16[128, 512, 768][1179648, 2304, 1]" = split_9[2];  split_9 = None
        
         # File: /home/nlp/matan_avitan/git/nopos_locating_new/nanoGPT/model_nope.py:128 in forward, code: k = k.view(B, T, self.n_head, C // self.n_head).transpose(
        view_173: "bf16[128, 512, 12, 64][1179648, 2304, 64, 1]" = torch.ops.aten.view.default(getitem_48, [128, 512, 12, 64]);  getitem_48 = None
        permute_100: "bf16[128, 12, 512, 64][1179648, 64, 2304, 1]" = torch.ops.aten.permute.default(view_173, [0, 2, 1, 3]);  view_173 = None
        
         # File: /home/nlp/matan_avitan/git/nopos_locating_new/nanoGPT/model_nope.py:131 in forward, code: q = q.view(B, T, self.n_head, C // self.n_head).transpose(
        view_174: "bf16[128, 512, 12, 64][1179648, 2304, 64, 1]" = torch.ops.aten.view.default(getitem_47, [128, 512, 12, 64]);  getitem_47 = None
        permute_101: "bf16[128, 12, 512, 64][1179648, 64, 2304, 1]" = torch.ops.aten.permute.default(view_174, [0, 2, 1, 3]);  view_174 = None
        
         # File: /home/nlp/matan_avitan/git/nopos_locating_new/nanoGPT/model_nope.py:134 in forward, code: v = v.view(B, T, self.n_head, C // self.n_head).transpose(
        view_175: "bf16[128, 512, 12, 64][1179648, 2304, 64, 1]" = torch.ops.aten.view.default(getitem_49, [128, 512, 12, 64]);  getitem_49 = None
        permute_102: "bf16[128, 12, 512, 64][1179648, 64, 2304, 1]" = torch.ops.aten.permute.default(view_175, [0, 2, 1, 3]);  view_175 = None
        
         # File: /home/nlp/matan_avitan/git/nopos_locating_new/nanoGPT/model_nope.py:150 in forward, code: att = (q @ k.transpose(-2, -1)) * (1.0 / math.sqrt(k.size(-1)))
        permute_103: "bf16[128, 12, 64, 512][1179648, 64, 1, 2304]" = torch.ops.aten.permute.default(permute_100, [0, 1, 3, 2]);  permute_100 = None
        expand_54: "bf16[128, 12, 512, 64][1179648, 64, 2304, 1]" = torch.ops.aten.expand.default(permute_101, [128, 12, 512, 64]);  permute_101 = None
        clone_73: "bf16[128, 12, 512, 64][393216, 32768, 64, 1]" = torch.ops.aten.clone.default(expand_54, memory_format = torch.contiguous_format);  expand_54 = None
        view_176: "bf16[1536, 512, 64][32768, 64, 1]" = torch.ops.aten.view.default(clone_73, [1536, 512, 64]);  clone_73 = None
        expand_55: "bf16[128, 12, 64, 512][1179648, 64, 1, 2304]" = torch.ops.aten.expand.default(permute_103, [128, 12, 64, 512]);  permute_103 = None
        clone_74: "bf16[128, 12, 64, 512][393216, 32768, 512, 1]" = torch.ops.aten.clone.default(expand_55, memory_format = torch.contiguous_format);  expand_55 = None
        view_177: "bf16[1536, 64, 512][32768, 512, 1]" = torch.ops.aten.view.default(clone_74, [1536, 64, 512]);  clone_74 = None
        bmm_27: "bf16[1536, 512, 512][262144, 512, 1]" = torch.ops.aten.bmm.default(view_176, view_177);  view_176 = view_177 = None
        view_178: "bf16[128, 12, 512, 512][3145728, 262144, 512, 1]" = torch.ops.aten.view.default(bmm_27, [128, 12, 512, 512]);  bmm_27 = None
        mul_83: "bf16[128, 12, 512, 512][3145728, 262144, 512, 1]" = torch.ops.aten.mul.Tensor(view_178, 0.125);  view_178 = None
        
         # File: /home/nlp/matan_avitan/git/nopos_locating_new/nanoGPT/model_nope.py:153 in forward, code: torch.ones(T, T, device=x.device, dtype=torch.bool), diagonal=1
        full_36: "b8[512, 512][512, 1]" = torch.ops.aten.full.default([512, 512], True, dtype = torch.bool, layout = torch.strided, device = device(type='cuda', index=0), pin_memory = False)
        
         # File: /home/nlp/matan_avitan/git/nopos_locating_new/nanoGPT/model_nope.py:152 in forward, code: causal_mask = torch.triu(
        iota_18: "i64[512][1]" = torch.ops.prims.iota.default(512, start = 0, step = 1, dtype = torch.int64, device = device(type='cuda', index=0), requires_grad = False)
        unsqueeze_54: "i64[1, 512][512, 1]" = torch.ops.aten.unsqueeze.default(iota_18, -2);  iota_18 = None
        iota_19: "i64[512][1]" = torch.ops.prims.iota.default(512, start = 0, step = 1, dtype = torch.int64, device = device(type='cuda', index=0), requires_grad = False)
        unsqueeze_55: "i64[512, 1][1, 1]" = torch.ops.aten.unsqueeze.default(iota_19, -1);  iota_19 = None
        sub_37: "i64[512, 512][512, 1]" = torch.ops.aten.sub.Tensor(unsqueeze_54, unsqueeze_55);  unsqueeze_54 = unsqueeze_55 = None
        ge_9: "b8[512, 512][512, 1]" = torch.ops.aten.ge.Scalar(sub_37, 1);  sub_37 = None
        logical_and_9: "b8[512, 512][512, 1]" = torch.ops.aten.logical_and.default(ge_9, full_36);  ge_9 = full_36 = None
        
         # File: /home/nlp/matan_avitan/git/nopos_locating_new/nanoGPT/model_nope.py:155 in forward, code: att = att.masked_fill(causal_mask, float("-inf"))
        scalar_tensor_9: "bf16[][]" = torch.ops.aten.scalar_tensor.default(-inf, dtype = torch.bfloat16, layout = torch.strided, device = device(type='cuda', index=0))
        where_9: "bf16[128, 12, 512, 512][3145728, 262144, 512, 1]" = torch.ops.aten.where.self(logical_and_9, scalar_tensor_9, mul_83);  logical_and_9 = scalar_tensor_9 = mul_83 = None
        
         # File: /home/nlp/matan_avitan/git/nopos_locating_new/nanoGPT/model_nope.py:156 in forward, code: att = F.softmax(att, dim=-1)
        convert_element_type_222: "f32[128, 12, 512, 512][3145728, 262144, 512, 1]" = torch.ops.prims.convert_element_type.default(where_9, torch.float32);  where_9 = None
        amax_9: "f32[128, 12, 512, 1][6144, 512, 1, 1]" = torch.ops.aten.amax.default(convert_element_type_222, [-1], True)
        sub_38: "f32[128, 12, 512, 512][3145728, 262144, 512, 1]" = torch.ops.aten.sub.Tensor(convert_element_type_222, amax_9);  convert_element_type_222 = amax_9 = None
        exp_9: "f32[128, 12, 512, 512][3145728, 262144, 512, 1]" = torch.ops.aten.exp.default(sub_38);  sub_38 = None
        sum_10: "f32[128, 12, 512, 1][6144, 512, 1, 1]" = torch.ops.aten.sum.dim_IntList(exp_9, [-1], True)
        div_9: "f32[128, 12, 512, 512][3145728, 262144, 512, 1]" = torch.ops.aten.div.Tensor(exp_9, sum_10);  exp_9 = sum_10 = None
        
         # File: /home/nlp/matan_avitan/git/nopos_locating_new/nanoGPT/model_nope.py:163 in forward, code: y = att @ v  # (B, nh, T, T) x (B, nh, T, hs) -> (B, nh, T, hs)
        convert_element_type_223: "bf16[128, 12, 512, 512][3145728, 262144, 512, 1]" = torch.ops.prims.convert_element_type.default(div_9, torch.bfloat16);  div_9 = None
        expand_56: "bf16[128, 12, 512, 512][3145728, 262144, 512, 1]" = torch.ops.aten.expand.default(convert_element_type_223, [128, 12, 512, 512]);  convert_element_type_223 = None
        view_179: "bf16[1536, 512, 512][262144, 512, 1]" = torch.ops.aten.view.default(expand_56, [1536, 512, 512]);  expand_56 = None
        expand_57: "bf16[128, 12, 512, 64][1179648, 64, 2304, 1]" = torch.ops.aten.expand.default(permute_102, [128, 12, 512, 64]);  permute_102 = None
        clone_76: "bf16[128, 12, 512, 64][393216, 32768, 64, 1]" = torch.ops.aten.clone.default(expand_57, memory_format = torch.contiguous_format);  expand_57 = None
        view_180: "bf16[1536, 512, 64][32768, 64, 1]" = torch.ops.aten.view.default(clone_76, [1536, 512, 64]);  clone_76 = None
        bmm_28: "bf16[1536, 512, 64][32768, 64, 1]" = torch.ops.aten.bmm.default(view_179, view_180);  view_179 = view_180 = None
        view_181: "bf16[128, 12, 512, 64][393216, 32768, 64, 1]" = torch.ops.aten.view.default(bmm_28, [128, 12, 512, 64]);  bmm_28 = None
        
         # File: /home/nlp/matan_avitan/git/nopos_locating_new/nanoGPT/model_nope.py:166 in forward, code: y = y.transpose(1, 2).contiguous().view(B, T, C)
        permute_104: "bf16[128, 512, 12, 64][393216, 64, 32768, 1]" = torch.ops.aten.permute.default(view_181, [0, 2, 1, 3]);  view_181 = None
        clone_77: "bf16[128, 512, 12, 64][393216, 768, 64, 1]" = torch.ops.aten.clone.default(permute_104, memory_format = torch.contiguous_format);  permute_104 = None
        view_182: "bf16[128, 512, 768][393216, 768, 1]" = torch.ops.aten.view.default(clone_77, [128, 512, 768]);  clone_77 = None
        
         # File: /home/nlp/matan_avitan/git/nopos_locating_new/nanoGPT/model_nope.py:169 in forward, code: y = self.resid_dropout(self.c_proj(y))
        convert_element_type_226: "bf16[768, 768][768, 1]" = torch.ops.prims.convert_element_type.default(arg85_1, torch.bfloat16);  arg85_1 = None
        permute_105: "bf16[768, 768][1, 768]" = torch.ops.aten.permute.default(convert_element_type_226, [1, 0]);  convert_element_type_226 = None
        view_183: "bf16[65536, 768][768, 1]" = torch.ops.aten.view.default(view_182, [65536, 768]);  view_182 = None
        mm_28: "bf16[65536, 768][768, 1]" = torch.ops.aten.mm.default(view_183, permute_105);  view_183 = permute_105 = None
        view_184: "bf16[128, 512, 768][393216, 768, 1]" = torch.ops.aten.view.default(mm_28, [128, 512, 768]);  mm_28 = None
        
         # File: /home/nlp/matan_avitan/git/nopos_locating_new/nanoGPT/model_nope.py:268 in forward, code: x = x + self.attn(self.ln_1(x))
        add_55: "f32[128, 512, 768][393216, 768, 1]" = torch.ops.aten.add.Tensor(add_53, view_184);  add_53 = view_184 = None
        
         # File: /home/nlp/matan_avitan/git/nopos_locating_new/nanoGPT/model_nope.py:78 in forward, code: return self.bn(x.transpose(1, 2)).transpose(1, 2)
        permute_106: "f32[128, 768, 512][393216, 1, 768]" = torch.ops.aten.permute.default(add_55, [0, 2, 1])
        clone_79: "f32[128, 768, 512][393216, 512, 1]" = torch.ops.aten.clone.default(permute_106, memory_format = torch.contiguous_format);  permute_106 = None
        add_56: "f32[768][1]" = torch.ops.aten.add.Tensor(arg87_1, 1e-05);  arg87_1 = None
        sqrt_9: "f32[768][1]" = torch.ops.aten.sqrt.default(add_56);  add_56 = None
        reciprocal_9: "f32[768][1]" = torch.ops.aten.reciprocal.default(sqrt_9);  sqrt_9 = None
        mul_84: "f32[768][1]" = torch.ops.aten.mul.Tensor(reciprocal_9, 1);  reciprocal_9 = None
        unsqueeze_56: "f32[768, 1][1, 1]" = torch.ops.aten.unsqueeze.default(arg86_1, -1);  arg86_1 = None
        unsqueeze_57: "f32[768, 1][1, 1]" = torch.ops.aten.unsqueeze.default(mul_84, -1);  mul_84 = None
        sub_39: "f32[128, 768, 512][393216, 512, 1]" = torch.ops.aten.sub.Tensor(clone_79, unsqueeze_56);  clone_79 = unsqueeze_56 = None
        mul_85: "f32[128, 768, 512][393216, 512, 1]" = torch.ops.aten.mul.Tensor(sub_39, unsqueeze_57);  sub_39 = unsqueeze_57 = None
        unsqueeze_58: "f32[768, 1][1, 1]" = torch.ops.aten.unsqueeze.default(arg88_1, -1);  arg88_1 = None
        mul_86: "f32[128, 768, 512][393216, 512, 1]" = torch.ops.aten.mul.Tensor(mul_85, unsqueeze_58);  mul_85 = unsqueeze_58 = None
        unsqueeze_59: "f32[768, 1][1, 1]" = torch.ops.aten.unsqueeze.default(arg89_1, -1);  arg89_1 = None
        add_57: "f32[128, 768, 512][393216, 512, 1]" = torch.ops.aten.add.Tensor(mul_86, unsqueeze_59);  mul_86 = unsqueeze_59 = None
        permute_107: "f32[128, 512, 768][393216, 1, 512]" = torch.ops.aten.permute.default(add_57, [0, 2, 1]);  add_57 = None
        
         # File: /home/nlp/matan_avitan/git/nopos_locating_new/nanoGPT/model_nope.py:229 in forward, code: x = self.c_fc(x)
        convert_element_type_231: "bf16[3072, 768][768, 1]" = torch.ops.prims.convert_element_type.default(arg90_1, torch.bfloat16);  arg90_1 = None
        convert_element_type_232: "bf16[128, 512, 768][393216, 1, 512]" = torch.ops.prims.convert_element_type.default(permute_107, torch.bfloat16);  permute_107 = None
        permute_108: "bf16[768, 3072][1, 768]" = torch.ops.aten.permute.default(convert_element_type_231, [1, 0]);  convert_element_type_231 = None
        expand_58: "bf16[128, 512, 768][393216, 1, 512]" = torch.ops.aten.expand.default(convert_element_type_232, [128, 512, 768]);  convert_element_type_232 = None
        expand_59: "bf16[128, 768, 3072][0, 1, 768]" = torch.ops.aten.expand.default(permute_108, [128, 768, 3072]);  permute_108 = None
        bmm_29: "bf16[128, 512, 3072][1572864, 3072, 1]" = torch.ops.aten.bmm.default(expand_58, expand_59);  expand_58 = expand_59 = None
        
         # File: /home/nlp/matan_avitan/git/nopos_locating_new/nanoGPT/model_nope.py:230 in forward, code: x = self.gelu(x)
        convert_element_type_235: "f32[128, 512, 3072][1572864, 3072, 1]" = torch.ops.prims.convert_element_type.default(bmm_29, torch.float32);  bmm_29 = None
        mul_87: "f32[128, 512, 3072][1572864, 3072, 1]" = torch.ops.aten.mul.Tensor(convert_element_type_235, 0.5)
        mul_88: "f32[128, 512, 3072][1572864, 3072, 1]" = torch.ops.aten.mul.Tensor(convert_element_type_235, 0.7071067811865476);  convert_element_type_235 = None
        erf_9: "f32[128, 512, 3072][1572864, 3072, 1]" = torch.ops.aten.erf.default(mul_88);  mul_88 = None
        add_58: "f32[128, 512, 3072][1572864, 3072, 1]" = torch.ops.aten.add.Tensor(erf_9, 1);  erf_9 = None
        mul_89: "f32[128, 512, 3072][1572864, 3072, 1]" = torch.ops.aten.mul.Tensor(mul_87, add_58);  mul_87 = add_58 = None
        convert_element_type_236: "bf16[128, 512, 3072][1572864, 3072, 1]" = torch.ops.prims.convert_element_type.default(mul_89, torch.bfloat16);  mul_89 = None
        
         # File: /home/nlp/matan_avitan/git/nopos_locating_new/nanoGPT/model_nope.py:231 in forward, code: x = self.c_proj(x)
        convert_element_type_237: "bf16[768, 3072][3072, 1]" = torch.ops.prims.convert_element_type.default(arg91_1, torch.bfloat16);  arg91_1 = None
        permute_109: "bf16[3072, 768][1, 3072]" = torch.ops.aten.permute.default(convert_element_type_237, [1, 0]);  convert_element_type_237 = None
        view_188: "bf16[65536, 3072][3072, 1]" = torch.ops.aten.view.default(convert_element_type_236, [65536, 3072]);  convert_element_type_236 = None
        mm_29: "bf16[65536, 768][768, 1]" = torch.ops.aten.mm.default(view_188, permute_109);  view_188 = permute_109 = None
        view_189: "bf16[128, 512, 768][393216, 768, 1]" = torch.ops.aten.view.default(mm_29, [128, 512, 768]);  mm_29 = None
        
         # File: /home/nlp/matan_avitan/git/nopos_locating_new/nanoGPT/model_nope.py:272 in forward, code: x = x + self.mlp(self.ln_2(x))
        add_59: "f32[128, 512, 768][393216, 768, 1]" = torch.ops.aten.add.Tensor(add_55, view_189);  add_55 = view_189 = None
        
         # File: /home/nlp/matan_avitan/git/nopos_locating_new/nanoGPT/model_nope.py:31 in forward, code: return F.layer_norm(input, self.weight.shape, self.weight, self.bias, 1e-5)
        var_mean_10 = torch.ops.aten.var_mean.correction(add_59, [2], correction = 0, keepdim = True)
        getitem_50: "f32[128, 512, 1][512, 1, 1]" = var_mean_10[0]
        getitem_51: "f32[128, 512, 1][512, 1, 1]" = var_mean_10[1];  var_mean_10 = None
        add_60: "f32[128, 512, 1][512, 1, 1]" = torch.ops.aten.add.Tensor(getitem_50, 1e-05);  getitem_50 = None
        rsqrt_10: "f32[128, 512, 1][512, 1, 1]" = torch.ops.aten.rsqrt.default(add_60);  add_60 = None
        sub_40: "f32[128, 512, 768][393216, 768, 1]" = torch.ops.aten.sub.Tensor(add_59, getitem_51);  getitem_51 = None
        mul_90: "f32[128, 512, 768][393216, 768, 1]" = torch.ops.aten.mul.Tensor(sub_40, rsqrt_10);  sub_40 = rsqrt_10 = None
        mul_91: "f32[128, 512, 768][393216, 768, 1]" = torch.ops.aten.mul.Tensor(mul_90, arg92_1);  mul_90 = arg92_1 = None
        
         # File: /home/nlp/matan_avitan/git/nopos_locating_new/nanoGPT/model_nope.py:127 in forward, code: q, k, v = self.c_attn(x).split(self.n_embd, dim=2)
        convert_element_type_240: "bf16[2304, 768][768, 1]" = torch.ops.prims.convert_element_type.default(arg93_1, torch.bfloat16);  arg93_1 = None
        convert_element_type_241: "bf16[128, 512, 768][393216, 768, 1]" = torch.ops.prims.convert_element_type.default(mul_91, torch.bfloat16);  mul_91 = None
        permute_110: "bf16[768, 2304][1, 768]" = torch.ops.aten.permute.default(convert_element_type_240, [1, 0]);  convert_element_type_240 = None
        view_190: "bf16[65536, 768][768, 1]" = torch.ops.aten.view.default(convert_element_type_241, [65536, 768]);  convert_element_type_241 = None
        mm_30: "bf16[65536, 2304][2304, 1]" = torch.ops.aten.mm.default(view_190, permute_110);  view_190 = permute_110 = None
        view_191: "bf16[128, 512, 2304][1179648, 2304, 1]" = torch.ops.aten.view.default(mm_30, [128, 512, 2304]);  mm_30 = None
        split_10 = torch.ops.aten.split.Tensor(view_191, 768, 2);  view_191 = None
        getitem_52: "bf16[128, 512, 768][1179648, 2304, 1]" = split_10[0]
        getitem_53: "bf16[128, 512, 768][1179648, 2304, 1]" = split_10[1]
        getitem_54: "bf16[128, 512, 768][1179648, 2304, 1]" = split_10[2];  split_10 = None
        
         # File: /home/nlp/matan_avitan/git/nopos_locating_new/nanoGPT/model_nope.py:128 in forward, code: k = k.view(B, T, self.n_head, C // self.n_head).transpose(
        view_192: "bf16[128, 512, 12, 64][1179648, 2304, 64, 1]" = torch.ops.aten.view.default(getitem_53, [128, 512, 12, 64]);  getitem_53 = None
        permute_111: "bf16[128, 12, 512, 64][1179648, 64, 2304, 1]" = torch.ops.aten.permute.default(view_192, [0, 2, 1, 3]);  view_192 = None
        
         # File: /home/nlp/matan_avitan/git/nopos_locating_new/nanoGPT/model_nope.py:131 in forward, code: q = q.view(B, T, self.n_head, C // self.n_head).transpose(
        view_193: "bf16[128, 512, 12, 64][1179648, 2304, 64, 1]" = torch.ops.aten.view.default(getitem_52, [128, 512, 12, 64]);  getitem_52 = None
        permute_112: "bf16[128, 12, 512, 64][1179648, 64, 2304, 1]" = torch.ops.aten.permute.default(view_193, [0, 2, 1, 3]);  view_193 = None
        
         # File: /home/nlp/matan_avitan/git/nopos_locating_new/nanoGPT/model_nope.py:134 in forward, code: v = v.view(B, T, self.n_head, C // self.n_head).transpose(
        view_194: "bf16[128, 512, 12, 64][1179648, 2304, 64, 1]" = torch.ops.aten.view.default(getitem_54, [128, 512, 12, 64]);  getitem_54 = None
        permute_113: "bf16[128, 12, 512, 64][1179648, 64, 2304, 1]" = torch.ops.aten.permute.default(view_194, [0, 2, 1, 3]);  view_194 = None
        
         # File: /home/nlp/matan_avitan/git/nopos_locating_new/nanoGPT/model_nope.py:150 in forward, code: att = (q @ k.transpose(-2, -1)) * (1.0 / math.sqrt(k.size(-1)))
        permute_114: "bf16[128, 12, 64, 512][1179648, 64, 1, 2304]" = torch.ops.aten.permute.default(permute_111, [0, 1, 3, 2]);  permute_111 = None
        expand_60: "bf16[128, 12, 512, 64][1179648, 64, 2304, 1]" = torch.ops.aten.expand.default(permute_112, [128, 12, 512, 64]);  permute_112 = None
        clone_81: "bf16[128, 12, 512, 64][393216, 32768, 64, 1]" = torch.ops.aten.clone.default(expand_60, memory_format = torch.contiguous_format);  expand_60 = None
        view_195: "bf16[1536, 512, 64][32768, 64, 1]" = torch.ops.aten.view.default(clone_81, [1536, 512, 64]);  clone_81 = None
        expand_61: "bf16[128, 12, 64, 512][1179648, 64, 1, 2304]" = torch.ops.aten.expand.default(permute_114, [128, 12, 64, 512]);  permute_114 = None
        clone_82: "bf16[128, 12, 64, 512][393216, 32768, 512, 1]" = torch.ops.aten.clone.default(expand_61, memory_format = torch.contiguous_format);  expand_61 = None
        view_196: "bf16[1536, 64, 512][32768, 512, 1]" = torch.ops.aten.view.default(clone_82, [1536, 64, 512]);  clone_82 = None
        bmm_30: "bf16[1536, 512, 512][262144, 512, 1]" = torch.ops.aten.bmm.default(view_195, view_196);  view_195 = view_196 = None
        view_197: "bf16[128, 12, 512, 512][3145728, 262144, 512, 1]" = torch.ops.aten.view.default(bmm_30, [128, 12, 512, 512]);  bmm_30 = None
        mul_92: "bf16[128, 12, 512, 512][3145728, 262144, 512, 1]" = torch.ops.aten.mul.Tensor(view_197, 0.125);  view_197 = None
        
         # File: /home/nlp/matan_avitan/git/nopos_locating_new/nanoGPT/model_nope.py:153 in forward, code: torch.ones(T, T, device=x.device, dtype=torch.bool), diagonal=1
        full_40: "b8[512, 512][512, 1]" = torch.ops.aten.full.default([512, 512], True, dtype = torch.bool, layout = torch.strided, device = device(type='cuda', index=0), pin_memory = False)
        
         # File: /home/nlp/matan_avitan/git/nopos_locating_new/nanoGPT/model_nope.py:152 in forward, code: causal_mask = torch.triu(
        iota_20: "i64[512][1]" = torch.ops.prims.iota.default(512, start = 0, step = 1, dtype = torch.int64, device = device(type='cuda', index=0), requires_grad = False)
        unsqueeze_60: "i64[1, 512][512, 1]" = torch.ops.aten.unsqueeze.default(iota_20, -2);  iota_20 = None
        iota_21: "i64[512][1]" = torch.ops.prims.iota.default(512, start = 0, step = 1, dtype = torch.int64, device = device(type='cuda', index=0), requires_grad = False)
        unsqueeze_61: "i64[512, 1][1, 1]" = torch.ops.aten.unsqueeze.default(iota_21, -1);  iota_21 = None
        sub_41: "i64[512, 512][512, 1]" = torch.ops.aten.sub.Tensor(unsqueeze_60, unsqueeze_61);  unsqueeze_60 = unsqueeze_61 = None
        ge_10: "b8[512, 512][512, 1]" = torch.ops.aten.ge.Scalar(sub_41, 1);  sub_41 = None
        logical_and_10: "b8[512, 512][512, 1]" = torch.ops.aten.logical_and.default(ge_10, full_40);  ge_10 = full_40 = None
        
         # File: /home/nlp/matan_avitan/git/nopos_locating_new/nanoGPT/model_nope.py:155 in forward, code: att = att.masked_fill(causal_mask, float("-inf"))
        scalar_tensor_10: "bf16[][]" = torch.ops.aten.scalar_tensor.default(-inf, dtype = torch.bfloat16, layout = torch.strided, device = device(type='cuda', index=0))
        where_10: "bf16[128, 12, 512, 512][3145728, 262144, 512, 1]" = torch.ops.aten.where.self(logical_and_10, scalar_tensor_10, mul_92);  logical_and_10 = scalar_tensor_10 = mul_92 = None
        
         # File: /home/nlp/matan_avitan/git/nopos_locating_new/nanoGPT/model_nope.py:156 in forward, code: att = F.softmax(att, dim=-1)
        convert_element_type_246: "f32[128, 12, 512, 512][3145728, 262144, 512, 1]" = torch.ops.prims.convert_element_type.default(where_10, torch.float32);  where_10 = None
        amax_10: "f32[128, 12, 512, 1][6144, 512, 1, 1]" = torch.ops.aten.amax.default(convert_element_type_246, [-1], True)
        sub_42: "f32[128, 12, 512, 512][3145728, 262144, 512, 1]" = torch.ops.aten.sub.Tensor(convert_element_type_246, amax_10);  convert_element_type_246 = amax_10 = None
        exp_10: "f32[128, 12, 512, 512][3145728, 262144, 512, 1]" = torch.ops.aten.exp.default(sub_42);  sub_42 = None
        sum_11: "f32[128, 12, 512, 1][6144, 512, 1, 1]" = torch.ops.aten.sum.dim_IntList(exp_10, [-1], True)
        div_10: "f32[128, 12, 512, 512][3145728, 262144, 512, 1]" = torch.ops.aten.div.Tensor(exp_10, sum_11);  exp_10 = sum_11 = None
        
         # File: /home/nlp/matan_avitan/git/nopos_locating_new/nanoGPT/model_nope.py:163 in forward, code: y = att @ v  # (B, nh, T, T) x (B, nh, T, hs) -> (B, nh, T, hs)
        convert_element_type_247: "bf16[128, 12, 512, 512][3145728, 262144, 512, 1]" = torch.ops.prims.convert_element_type.default(div_10, torch.bfloat16);  div_10 = None
        expand_62: "bf16[128, 12, 512, 512][3145728, 262144, 512, 1]" = torch.ops.aten.expand.default(convert_element_type_247, [128, 12, 512, 512]);  convert_element_type_247 = None
        view_198: "bf16[1536, 512, 512][262144, 512, 1]" = torch.ops.aten.view.default(expand_62, [1536, 512, 512]);  expand_62 = None
        expand_63: "bf16[128, 12, 512, 64][1179648, 64, 2304, 1]" = torch.ops.aten.expand.default(permute_113, [128, 12, 512, 64]);  permute_113 = None
        clone_84: "bf16[128, 12, 512, 64][393216, 32768, 64, 1]" = torch.ops.aten.clone.default(expand_63, memory_format = torch.contiguous_format);  expand_63 = None
        view_199: "bf16[1536, 512, 64][32768, 64, 1]" = torch.ops.aten.view.default(clone_84, [1536, 512, 64]);  clone_84 = None
        bmm_31: "bf16[1536, 512, 64][32768, 64, 1]" = torch.ops.aten.bmm.default(view_198, view_199);  view_198 = view_199 = None
        view_200: "bf16[128, 12, 512, 64][393216, 32768, 64, 1]" = torch.ops.aten.view.default(bmm_31, [128, 12, 512, 64]);  bmm_31 = None
        
         # File: /home/nlp/matan_avitan/git/nopos_locating_new/nanoGPT/model_nope.py:166 in forward, code: y = y.transpose(1, 2).contiguous().view(B, T, C)
        permute_115: "bf16[128, 512, 12, 64][393216, 64, 32768, 1]" = torch.ops.aten.permute.default(view_200, [0, 2, 1, 3]);  view_200 = None
        clone_85: "bf16[128, 512, 12, 64][393216, 768, 64, 1]" = torch.ops.aten.clone.default(permute_115, memory_format = torch.contiguous_format);  permute_115 = None
        view_201: "bf16[128, 512, 768][393216, 768, 1]" = torch.ops.aten.view.default(clone_85, [128, 512, 768]);  clone_85 = None
        
         # File: /home/nlp/matan_avitan/git/nopos_locating_new/nanoGPT/model_nope.py:169 in forward, code: y = self.resid_dropout(self.c_proj(y))
        convert_element_type_250: "bf16[768, 768][768, 1]" = torch.ops.prims.convert_element_type.default(arg94_1, torch.bfloat16);  arg94_1 = None
        permute_116: "bf16[768, 768][1, 768]" = torch.ops.aten.permute.default(convert_element_type_250, [1, 0]);  convert_element_type_250 = None
        view_202: "bf16[65536, 768][768, 1]" = torch.ops.aten.view.default(view_201, [65536, 768]);  view_201 = None
        mm_31: "bf16[65536, 768][768, 1]" = torch.ops.aten.mm.default(view_202, permute_116);  view_202 = permute_116 = None
        view_203: "bf16[128, 512, 768][393216, 768, 1]" = torch.ops.aten.view.default(mm_31, [128, 512, 768]);  mm_31 = None
        
         # File: /home/nlp/matan_avitan/git/nopos_locating_new/nanoGPT/model_nope.py:268 in forward, code: x = x + self.attn(self.ln_1(x))
        add_61: "f32[128, 512, 768][393216, 768, 1]" = torch.ops.aten.add.Tensor(add_59, view_203);  add_59 = view_203 = None
        
         # File: /home/nlp/matan_avitan/git/nopos_locating_new/nanoGPT/model_nope.py:78 in forward, code: return self.bn(x.transpose(1, 2)).transpose(1, 2)
        permute_117: "f32[128, 768, 512][393216, 1, 768]" = torch.ops.aten.permute.default(add_61, [0, 2, 1])
        clone_87: "f32[128, 768, 512][393216, 512, 1]" = torch.ops.aten.clone.default(permute_117, memory_format = torch.contiguous_format);  permute_117 = None
        add_62: "f32[768][1]" = torch.ops.aten.add.Tensor(arg96_1, 1e-05);  arg96_1 = None
        sqrt_10: "f32[768][1]" = torch.ops.aten.sqrt.default(add_62);  add_62 = None
        reciprocal_10: "f32[768][1]" = torch.ops.aten.reciprocal.default(sqrt_10);  sqrt_10 = None
        mul_93: "f32[768][1]" = torch.ops.aten.mul.Tensor(reciprocal_10, 1);  reciprocal_10 = None
        unsqueeze_62: "f32[768, 1][1, 1]" = torch.ops.aten.unsqueeze.default(arg95_1, -1);  arg95_1 = None
        unsqueeze_63: "f32[768, 1][1, 1]" = torch.ops.aten.unsqueeze.default(mul_93, -1);  mul_93 = None
        sub_43: "f32[128, 768, 512][393216, 512, 1]" = torch.ops.aten.sub.Tensor(clone_87, unsqueeze_62);  clone_87 = unsqueeze_62 = None
        mul_94: "f32[128, 768, 512][393216, 512, 1]" = torch.ops.aten.mul.Tensor(sub_43, unsqueeze_63);  sub_43 = unsqueeze_63 = None
        unsqueeze_64: "f32[768, 1][1, 1]" = torch.ops.aten.unsqueeze.default(arg97_1, -1);  arg97_1 = None
        mul_95: "f32[128, 768, 512][393216, 512, 1]" = torch.ops.aten.mul.Tensor(mul_94, unsqueeze_64);  mul_94 = unsqueeze_64 = None
        unsqueeze_65: "f32[768, 1][1, 1]" = torch.ops.aten.unsqueeze.default(arg98_1, -1);  arg98_1 = None
        add_63: "f32[128, 768, 512][393216, 512, 1]" = torch.ops.aten.add.Tensor(mul_95, unsqueeze_65);  mul_95 = unsqueeze_65 = None
        permute_118: "f32[128, 512, 768][393216, 1, 512]" = torch.ops.aten.permute.default(add_63, [0, 2, 1]);  add_63 = None
        
         # File: /home/nlp/matan_avitan/git/nopos_locating_new/nanoGPT/model_nope.py:229 in forward, code: x = self.c_fc(x)
        convert_element_type_255: "bf16[3072, 768][768, 1]" = torch.ops.prims.convert_element_type.default(arg99_1, torch.bfloat16);  arg99_1 = None
        convert_element_type_256: "bf16[128, 512, 768][393216, 1, 512]" = torch.ops.prims.convert_element_type.default(permute_118, torch.bfloat16);  permute_118 = None
        permute_119: "bf16[768, 3072][1, 768]" = torch.ops.aten.permute.default(convert_element_type_255, [1, 0]);  convert_element_type_255 = None
        expand_64: "bf16[128, 512, 768][393216, 1, 512]" = torch.ops.aten.expand.default(convert_element_type_256, [128, 512, 768]);  convert_element_type_256 = None
        expand_65: "bf16[128, 768, 3072][0, 1, 768]" = torch.ops.aten.expand.default(permute_119, [128, 768, 3072]);  permute_119 = None
        bmm_32: "bf16[128, 512, 3072][1572864, 3072, 1]" = torch.ops.aten.bmm.default(expand_64, expand_65);  expand_64 = expand_65 = None
        
         # File: /home/nlp/matan_avitan/git/nopos_locating_new/nanoGPT/model_nope.py:230 in forward, code: x = self.gelu(x)
        convert_element_type_259: "f32[128, 512, 3072][1572864, 3072, 1]" = torch.ops.prims.convert_element_type.default(bmm_32, torch.float32);  bmm_32 = None
        mul_96: "f32[128, 512, 3072][1572864, 3072, 1]" = torch.ops.aten.mul.Tensor(convert_element_type_259, 0.5)
        mul_97: "f32[128, 512, 3072][1572864, 3072, 1]" = torch.ops.aten.mul.Tensor(convert_element_type_259, 0.7071067811865476);  convert_element_type_259 = None
        erf_10: "f32[128, 512, 3072][1572864, 3072, 1]" = torch.ops.aten.erf.default(mul_97);  mul_97 = None
        add_64: "f32[128, 512, 3072][1572864, 3072, 1]" = torch.ops.aten.add.Tensor(erf_10, 1);  erf_10 = None
        mul_98: "f32[128, 512, 3072][1572864, 3072, 1]" = torch.ops.aten.mul.Tensor(mul_96, add_64);  mul_96 = add_64 = None
        convert_element_type_260: "bf16[128, 512, 3072][1572864, 3072, 1]" = torch.ops.prims.convert_element_type.default(mul_98, torch.bfloat16);  mul_98 = None
        
         # File: /home/nlp/matan_avitan/git/nopos_locating_new/nanoGPT/model_nope.py:231 in forward, code: x = self.c_proj(x)
        convert_element_type_261: "bf16[768, 3072][3072, 1]" = torch.ops.prims.convert_element_type.default(arg100_1, torch.bfloat16);  arg100_1 = None
        permute_120: "bf16[3072, 768][1, 3072]" = torch.ops.aten.permute.default(convert_element_type_261, [1, 0]);  convert_element_type_261 = None
        view_207: "bf16[65536, 3072][3072, 1]" = torch.ops.aten.view.default(convert_element_type_260, [65536, 3072]);  convert_element_type_260 = None
        mm_32: "bf16[65536, 768][768, 1]" = torch.ops.aten.mm.default(view_207, permute_120);  view_207 = permute_120 = None
        view_208: "bf16[128, 512, 768][393216, 768, 1]" = torch.ops.aten.view.default(mm_32, [128, 512, 768]);  mm_32 = None
        
         # File: /home/nlp/matan_avitan/git/nopos_locating_new/nanoGPT/model_nope.py:272 in forward, code: x = x + self.mlp(self.ln_2(x))
        add_65: "f32[128, 512, 768][393216, 768, 1]" = torch.ops.aten.add.Tensor(add_61, view_208);  add_61 = view_208 = None
        
         # File: /home/nlp/matan_avitan/git/nopos_locating_new/nanoGPT/model_nope.py:31 in forward, code: return F.layer_norm(input, self.weight.shape, self.weight, self.bias, 1e-5)
        var_mean_11 = torch.ops.aten.var_mean.correction(add_65, [2], correction = 0, keepdim = True)
        getitem_55: "f32[128, 512, 1][512, 1, 1]" = var_mean_11[0]
        getitem_56: "f32[128, 512, 1][512, 1, 1]" = var_mean_11[1];  var_mean_11 = None
        add_66: "f32[128, 512, 1][512, 1, 1]" = torch.ops.aten.add.Tensor(getitem_55, 1e-05);  getitem_55 = None
        rsqrt_11: "f32[128, 512, 1][512, 1, 1]" = torch.ops.aten.rsqrt.default(add_66);  add_66 = None
        sub_44: "f32[128, 512, 768][393216, 768, 1]" = torch.ops.aten.sub.Tensor(add_65, getitem_56);  getitem_56 = None
        mul_99: "f32[128, 512, 768][393216, 768, 1]" = torch.ops.aten.mul.Tensor(sub_44, rsqrt_11);  sub_44 = rsqrt_11 = None
        mul_100: "f32[128, 512, 768][393216, 768, 1]" = torch.ops.aten.mul.Tensor(mul_99, arg101_1);  mul_99 = arg101_1 = None
        
         # File: /home/nlp/matan_avitan/git/nopos_locating_new/nanoGPT/model_nope.py:127 in forward, code: q, k, v = self.c_attn(x).split(self.n_embd, dim=2)
        convert_element_type_264: "bf16[2304, 768][768, 1]" = torch.ops.prims.convert_element_type.default(arg102_1, torch.bfloat16);  arg102_1 = None
        convert_element_type_265: "bf16[128, 512, 768][393216, 768, 1]" = torch.ops.prims.convert_element_type.default(mul_100, torch.bfloat16);  mul_100 = None
        permute_121: "bf16[768, 2304][1, 768]" = torch.ops.aten.permute.default(convert_element_type_264, [1, 0]);  convert_element_type_264 = None
        view_209: "bf16[65536, 768][768, 1]" = torch.ops.aten.view.default(convert_element_type_265, [65536, 768]);  convert_element_type_265 = None
        mm_33: "bf16[65536, 2304][2304, 1]" = torch.ops.aten.mm.default(view_209, permute_121);  view_209 = permute_121 = None
        view_210: "bf16[128, 512, 2304][1179648, 2304, 1]" = torch.ops.aten.view.default(mm_33, [128, 512, 2304]);  mm_33 = None
        split_11 = torch.ops.aten.split.Tensor(view_210, 768, 2);  view_210 = None
        getitem_57: "bf16[128, 512, 768][1179648, 2304, 1]" = split_11[0]
        getitem_58: "bf16[128, 512, 768][1179648, 2304, 1]" = split_11[1]
        getitem_59: "bf16[128, 512, 768][1179648, 2304, 1]" = split_11[2];  split_11 = None
        
         # File: /home/nlp/matan_avitan/git/nopos_locating_new/nanoGPT/model_nope.py:128 in forward, code: k = k.view(B, T, self.n_head, C // self.n_head).transpose(
        view_211: "bf16[128, 512, 12, 64][1179648, 2304, 64, 1]" = torch.ops.aten.view.default(getitem_58, [128, 512, 12, 64]);  getitem_58 = None
        permute_122: "bf16[128, 12, 512, 64][1179648, 64, 2304, 1]" = torch.ops.aten.permute.default(view_211, [0, 2, 1, 3]);  view_211 = None
        
         # File: /home/nlp/matan_avitan/git/nopos_locating_new/nanoGPT/model_nope.py:131 in forward, code: q = q.view(B, T, self.n_head, C // self.n_head).transpose(
        view_212: "bf16[128, 512, 12, 64][1179648, 2304, 64, 1]" = torch.ops.aten.view.default(getitem_57, [128, 512, 12, 64]);  getitem_57 = None
        permute_123: "bf16[128, 12, 512, 64][1179648, 64, 2304, 1]" = torch.ops.aten.permute.default(view_212, [0, 2, 1, 3]);  view_212 = None
        
         # File: /home/nlp/matan_avitan/git/nopos_locating_new/nanoGPT/model_nope.py:134 in forward, code: v = v.view(B, T, self.n_head, C // self.n_head).transpose(
        view_213: "bf16[128, 512, 12, 64][1179648, 2304, 64, 1]" = torch.ops.aten.view.default(getitem_59, [128, 512, 12, 64]);  getitem_59 = None
        permute_124: "bf16[128, 12, 512, 64][1179648, 64, 2304, 1]" = torch.ops.aten.permute.default(view_213, [0, 2, 1, 3]);  view_213 = None
        
         # File: /home/nlp/matan_avitan/git/nopos_locating_new/nanoGPT/model_nope.py:150 in forward, code: att = (q @ k.transpose(-2, -1)) * (1.0 / math.sqrt(k.size(-1)))
        permute_125: "bf16[128, 12, 64, 512][1179648, 64, 1, 2304]" = torch.ops.aten.permute.default(permute_122, [0, 1, 3, 2]);  permute_122 = None
        expand_66: "bf16[128, 12, 512, 64][1179648, 64, 2304, 1]" = torch.ops.aten.expand.default(permute_123, [128, 12, 512, 64]);  permute_123 = None
        clone_89: "bf16[128, 12, 512, 64][393216, 32768, 64, 1]" = torch.ops.aten.clone.default(expand_66, memory_format = torch.contiguous_format);  expand_66 = None
        view_214: "bf16[1536, 512, 64][32768, 64, 1]" = torch.ops.aten.view.default(clone_89, [1536, 512, 64]);  clone_89 = None
        expand_67: "bf16[128, 12, 64, 512][1179648, 64, 1, 2304]" = torch.ops.aten.expand.default(permute_125, [128, 12, 64, 512]);  permute_125 = None
        clone_90: "bf16[128, 12, 64, 512][393216, 32768, 512, 1]" = torch.ops.aten.clone.default(expand_67, memory_format = torch.contiguous_format);  expand_67 = None
        view_215: "bf16[1536, 64, 512][32768, 512, 1]" = torch.ops.aten.view.default(clone_90, [1536, 64, 512]);  clone_90 = None
        bmm_33: "bf16[1536, 512, 512][262144, 512, 1]" = torch.ops.aten.bmm.default(view_214, view_215);  view_214 = view_215 = None
        view_216: "bf16[128, 12, 512, 512][3145728, 262144, 512, 1]" = torch.ops.aten.view.default(bmm_33, [128, 12, 512, 512]);  bmm_33 = None
        mul_101: "bf16[128, 12, 512, 512][3145728, 262144, 512, 1]" = torch.ops.aten.mul.Tensor(view_216, 0.125);  view_216 = None
        
         # File: /home/nlp/matan_avitan/git/nopos_locating_new/nanoGPT/model_nope.py:153 in forward, code: torch.ones(T, T, device=x.device, dtype=torch.bool), diagonal=1
        full_44: "b8[512, 512][512, 1]" = torch.ops.aten.full.default([512, 512], True, dtype = torch.bool, layout = torch.strided, device = device(type='cuda', index=0), pin_memory = False)
        
         # File: /home/nlp/matan_avitan/git/nopos_locating_new/nanoGPT/model_nope.py:152 in forward, code: causal_mask = torch.triu(
        iota_22: "i64[512][1]" = torch.ops.prims.iota.default(512, start = 0, step = 1, dtype = torch.int64, device = device(type='cuda', index=0), requires_grad = False)
        unsqueeze_66: "i64[1, 512][512, 1]" = torch.ops.aten.unsqueeze.default(iota_22, -2);  iota_22 = None
        iota_23: "i64[512][1]" = torch.ops.prims.iota.default(512, start = 0, step = 1, dtype = torch.int64, device = device(type='cuda', index=0), requires_grad = False)
        unsqueeze_67: "i64[512, 1][1, 1]" = torch.ops.aten.unsqueeze.default(iota_23, -1);  iota_23 = None
        sub_45: "i64[512, 512][512, 1]" = torch.ops.aten.sub.Tensor(unsqueeze_66, unsqueeze_67);  unsqueeze_66 = unsqueeze_67 = None
        ge_11: "b8[512, 512][512, 1]" = torch.ops.aten.ge.Scalar(sub_45, 1);  sub_45 = None
        logical_and_11: "b8[512, 512][512, 1]" = torch.ops.aten.logical_and.default(ge_11, full_44);  ge_11 = full_44 = None
        
         # File: /home/nlp/matan_avitan/git/nopos_locating_new/nanoGPT/model_nope.py:155 in forward, code: att = att.masked_fill(causal_mask, float("-inf"))
        scalar_tensor_11: "bf16[][]" = torch.ops.aten.scalar_tensor.default(-inf, dtype = torch.bfloat16, layout = torch.strided, device = device(type='cuda', index=0))
        where_11: "bf16[128, 12, 512, 512][3145728, 262144, 512, 1]" = torch.ops.aten.where.self(logical_and_11, scalar_tensor_11, mul_101);  logical_and_11 = scalar_tensor_11 = mul_101 = None
        
         # File: /home/nlp/matan_avitan/git/nopos_locating_new/nanoGPT/model_nope.py:156 in forward, code: att = F.softmax(att, dim=-1)
        convert_element_type_270: "f32[128, 12, 512, 512][3145728, 262144, 512, 1]" = torch.ops.prims.convert_element_type.default(where_11, torch.float32);  where_11 = None
        amax_11: "f32[128, 12, 512, 1][6144, 512, 1, 1]" = torch.ops.aten.amax.default(convert_element_type_270, [-1], True)
        sub_46: "f32[128, 12, 512, 512][3145728, 262144, 512, 1]" = torch.ops.aten.sub.Tensor(convert_element_type_270, amax_11);  convert_element_type_270 = amax_11 = None
        exp_11: "f32[128, 12, 512, 512][3145728, 262144, 512, 1]" = torch.ops.aten.exp.default(sub_46);  sub_46 = None
        sum_12: "f32[128, 12, 512, 1][6144, 512, 1, 1]" = torch.ops.aten.sum.dim_IntList(exp_11, [-1], True)
        div_11: "f32[128, 12, 512, 512][3145728, 262144, 512, 1]" = torch.ops.aten.div.Tensor(exp_11, sum_12);  exp_11 = sum_12 = None
        
         # File: /home/nlp/matan_avitan/git/nopos_locating_new/nanoGPT/model_nope.py:163 in forward, code: y = att @ v  # (B, nh, T, T) x (B, nh, T, hs) -> (B, nh, T, hs)
        convert_element_type_271: "bf16[128, 12, 512, 512][3145728, 262144, 512, 1]" = torch.ops.prims.convert_element_type.default(div_11, torch.bfloat16);  div_11 = None
        expand_68: "bf16[128, 12, 512, 512][3145728, 262144, 512, 1]" = torch.ops.aten.expand.default(convert_element_type_271, [128, 12, 512, 512]);  convert_element_type_271 = None
        view_217: "bf16[1536, 512, 512][262144, 512, 1]" = torch.ops.aten.view.default(expand_68, [1536, 512, 512]);  expand_68 = None
        expand_69: "bf16[128, 12, 512, 64][1179648, 64, 2304, 1]" = torch.ops.aten.expand.default(permute_124, [128, 12, 512, 64]);  permute_124 = None
        clone_92: "bf16[128, 12, 512, 64][393216, 32768, 64, 1]" = torch.ops.aten.clone.default(expand_69, memory_format = torch.contiguous_format);  expand_69 = None
        view_218: "bf16[1536, 512, 64][32768, 64, 1]" = torch.ops.aten.view.default(clone_92, [1536, 512, 64]);  clone_92 = None
        bmm_34: "bf16[1536, 512, 64][32768, 64, 1]" = torch.ops.aten.bmm.default(view_217, view_218);  view_217 = view_218 = None
        view_219: "bf16[128, 12, 512, 64][393216, 32768, 64, 1]" = torch.ops.aten.view.default(bmm_34, [128, 12, 512, 64]);  bmm_34 = None
        
         # File: /home/nlp/matan_avitan/git/nopos_locating_new/nanoGPT/model_nope.py:166 in forward, code: y = y.transpose(1, 2).contiguous().view(B, T, C)
        permute_126: "bf16[128, 512, 12, 64][393216, 64, 32768, 1]" = torch.ops.aten.permute.default(view_219, [0, 2, 1, 3]);  view_219 = None
        clone_93: "bf16[128, 512, 12, 64][393216, 768, 64, 1]" = torch.ops.aten.clone.default(permute_126, memory_format = torch.contiguous_format);  permute_126 = None
        view_220: "bf16[128, 512, 768][393216, 768, 1]" = torch.ops.aten.view.default(clone_93, [128, 512, 768]);  clone_93 = None
        
         # File: /home/nlp/matan_avitan/git/nopos_locating_new/nanoGPT/model_nope.py:169 in forward, code: y = self.resid_dropout(self.c_proj(y))
        convert_element_type_274: "bf16[768, 768][768, 1]" = torch.ops.prims.convert_element_type.default(arg103_1, torch.bfloat16);  arg103_1 = None
        permute_127: "bf16[768, 768][1, 768]" = torch.ops.aten.permute.default(convert_element_type_274, [1, 0]);  convert_element_type_274 = None
        view_221: "bf16[65536, 768][768, 1]" = torch.ops.aten.view.default(view_220, [65536, 768]);  view_220 = None
        mm_34: "bf16[65536, 768][768, 1]" = torch.ops.aten.mm.default(view_221, permute_127);  view_221 = permute_127 = None
        view_222: "bf16[128, 512, 768][393216, 768, 1]" = torch.ops.aten.view.default(mm_34, [128, 512, 768]);  mm_34 = None
        
         # File: /home/nlp/matan_avitan/git/nopos_locating_new/nanoGPT/model_nope.py:268 in forward, code: x = x + self.attn(self.ln_1(x))
        add_67: "f32[128, 512, 768][393216, 768, 1]" = torch.ops.aten.add.Tensor(add_65, view_222);  add_65 = view_222 = None
        
         # File: /home/nlp/matan_avitan/git/nopos_locating_new/nanoGPT/model_nope.py:78 in forward, code: return self.bn(x.transpose(1, 2)).transpose(1, 2)
        permute_128: "f32[128, 768, 512][393216, 1, 768]" = torch.ops.aten.permute.default(add_67, [0, 2, 1])
        clone_95: "f32[128, 768, 512][393216, 512, 1]" = torch.ops.aten.clone.default(permute_128, memory_format = torch.contiguous_format);  permute_128 = None
        add_68: "f32[768][1]" = torch.ops.aten.add.Tensor(arg105_1, 1e-05);  arg105_1 = None
        sqrt_11: "f32[768][1]" = torch.ops.aten.sqrt.default(add_68);  add_68 = None
        reciprocal_11: "f32[768][1]" = torch.ops.aten.reciprocal.default(sqrt_11);  sqrt_11 = None
        mul_102: "f32[768][1]" = torch.ops.aten.mul.Tensor(reciprocal_11, 1);  reciprocal_11 = None
        unsqueeze_68: "f32[768, 1][1, 1]" = torch.ops.aten.unsqueeze.default(arg104_1, -1);  arg104_1 = None
        unsqueeze_69: "f32[768, 1][1, 1]" = torch.ops.aten.unsqueeze.default(mul_102, -1);  mul_102 = None
        sub_47: "f32[128, 768, 512][393216, 512, 1]" = torch.ops.aten.sub.Tensor(clone_95, unsqueeze_68);  clone_95 = unsqueeze_68 = None
        mul_103: "f32[128, 768, 512][393216, 512, 1]" = torch.ops.aten.mul.Tensor(sub_47, unsqueeze_69);  sub_47 = unsqueeze_69 = None
        unsqueeze_70: "f32[768, 1][1, 1]" = torch.ops.aten.unsqueeze.default(arg106_1, -1);  arg106_1 = None
        mul_104: "f32[128, 768, 512][393216, 512, 1]" = torch.ops.aten.mul.Tensor(mul_103, unsqueeze_70);  mul_103 = unsqueeze_70 = None
        unsqueeze_71: "f32[768, 1][1, 1]" = torch.ops.aten.unsqueeze.default(arg107_1, -1);  arg107_1 = None
        add_69: "f32[128, 768, 512][393216, 512, 1]" = torch.ops.aten.add.Tensor(mul_104, unsqueeze_71);  mul_104 = unsqueeze_71 = None
        permute_129: "f32[128, 512, 768][393216, 1, 512]" = torch.ops.aten.permute.default(add_69, [0, 2, 1]);  add_69 = None
        
         # File: /home/nlp/matan_avitan/git/nopos_locating_new/nanoGPT/model_nope.py:229 in forward, code: x = self.c_fc(x)
        convert_element_type_279: "bf16[3072, 768][768, 1]" = torch.ops.prims.convert_element_type.default(arg108_1, torch.bfloat16);  arg108_1 = None
        convert_element_type_280: "bf16[128, 512, 768][393216, 1, 512]" = torch.ops.prims.convert_element_type.default(permute_129, torch.bfloat16);  permute_129 = None
        permute_130: "bf16[768, 3072][1, 768]" = torch.ops.aten.permute.default(convert_element_type_279, [1, 0]);  convert_element_type_279 = None
        expand_70: "bf16[128, 512, 768][393216, 1, 512]" = torch.ops.aten.expand.default(convert_element_type_280, [128, 512, 768]);  convert_element_type_280 = None
        expand_71: "bf16[128, 768, 3072][0, 1, 768]" = torch.ops.aten.expand.default(permute_130, [128, 768, 3072]);  permute_130 = None
        bmm_35: "bf16[128, 512, 3072][1572864, 3072, 1]" = torch.ops.aten.bmm.default(expand_70, expand_71);  expand_70 = expand_71 = None
        
         # File: /home/nlp/matan_avitan/git/nopos_locating_new/nanoGPT/model_nope.py:230 in forward, code: x = self.gelu(x)
        convert_element_type_283: "f32[128, 512, 3072][1572864, 3072, 1]" = torch.ops.prims.convert_element_type.default(bmm_35, torch.float32);  bmm_35 = None
        mul_105: "f32[128, 512, 3072][1572864, 3072, 1]" = torch.ops.aten.mul.Tensor(convert_element_type_283, 0.5)
        mul_106: "f32[128, 512, 3072][1572864, 3072, 1]" = torch.ops.aten.mul.Tensor(convert_element_type_283, 0.7071067811865476);  convert_element_type_283 = None
        erf_11: "f32[128, 512, 3072][1572864, 3072, 1]" = torch.ops.aten.erf.default(mul_106);  mul_106 = None
        add_70: "f32[128, 512, 3072][1572864, 3072, 1]" = torch.ops.aten.add.Tensor(erf_11, 1);  erf_11 = None
        mul_107: "f32[128, 512, 3072][1572864, 3072, 1]" = torch.ops.aten.mul.Tensor(mul_105, add_70);  mul_105 = add_70 = None
        convert_element_type_284: "bf16[128, 512, 3072][1572864, 3072, 1]" = torch.ops.prims.convert_element_type.default(mul_107, torch.bfloat16);  mul_107 = None
        
         # File: /home/nlp/matan_avitan/git/nopos_locating_new/nanoGPT/model_nope.py:231 in forward, code: x = self.c_proj(x)
        convert_element_type_285: "bf16[768, 3072][3072, 1]" = torch.ops.prims.convert_element_type.default(arg109_1, torch.bfloat16);  arg109_1 = None
        permute_131: "bf16[3072, 768][1, 3072]" = torch.ops.aten.permute.default(convert_element_type_285, [1, 0]);  convert_element_type_285 = None
        view_226: "bf16[65536, 3072][3072, 1]" = torch.ops.aten.view.default(convert_element_type_284, [65536, 3072]);  convert_element_type_284 = None
        mm_35: "bf16[65536, 768][768, 1]" = torch.ops.aten.mm.default(view_226, permute_131);  view_226 = permute_131 = None
        view_227: "bf16[128, 512, 768][393216, 768, 1]" = torch.ops.aten.view.default(mm_35, [128, 512, 768]);  mm_35 = None
        
         # File: /home/nlp/matan_avitan/git/nopos_locating_new/nanoGPT/model_nope.py:272 in forward, code: x = x + self.mlp(self.ln_2(x))
        add_71: "f32[128, 512, 768][393216, 768, 1]" = torch.ops.aten.add.Tensor(add_67, view_227);  add_67 = view_227 = None
        
         # File: /home/nlp/matan_avitan/git/nopos_locating_new/nanoGPT/model_nope.py:31 in forward, code: return F.layer_norm(input, self.weight.shape, self.weight, self.bias, 1e-5)
        var_mean_12 = torch.ops.aten.var_mean.correction(add_71, [2], correction = 0, keepdim = True)
        getitem_60: "f32[128, 512, 1][512, 1, 1]" = var_mean_12[0]
        getitem_61: "f32[128, 512, 1][512, 1, 1]" = var_mean_12[1];  var_mean_12 = None
        add_72: "f32[128, 512, 1][512, 1, 1]" = torch.ops.aten.add.Tensor(getitem_60, 1e-05);  getitem_60 = None
        rsqrt_12: "f32[128, 512, 1][512, 1, 1]" = torch.ops.aten.rsqrt.default(add_72);  add_72 = None
        sub_48: "f32[128, 512, 768][393216, 768, 1]" = torch.ops.aten.sub.Tensor(add_71, getitem_61);  add_71 = getitem_61 = None
        mul_108: "f32[128, 512, 768][393216, 768, 1]" = torch.ops.aten.mul.Tensor(sub_48, rsqrt_12);  sub_48 = rsqrt_12 = None
        mul_109: "f32[128, 512, 768][393216, 768, 1]" = torch.ops.aten.mul.Tensor(mul_108, arg110_1);  mul_108 = arg110_1 = None
        
         # File: /home/nlp/matan_avitan/git/nopos_locating_new/nanoGPT/model_nope.py:447 in forward, code: logits = self.lm_head(x)
        convert_element_type_288: "bf16[50304, 768][768, 1]" = torch.ops.prims.convert_element_type.default(arg1_1, torch.bfloat16);  arg1_1 = None
        convert_element_type_289: "bf16[128, 512, 768][393216, 768, 1]" = torch.ops.prims.convert_element_type.default(mul_109, torch.bfloat16);  mul_109 = None
        permute_132: "bf16[768, 50304][1, 768]" = torch.ops.aten.permute.default(convert_element_type_288, [1, 0]);  convert_element_type_288 = None
        view_228: "bf16[65536, 768][768, 1]" = torch.ops.aten.view.default(convert_element_type_289, [65536, 768]);  convert_element_type_289 = None
        mm_36: "bf16[65536, 50304][50304, 1]" = torch.ops.aten.mm.default(view_228, permute_132);  view_228 = permute_132 = None
        view_229: "bf16[128, 512, 50304][25755648, 50304, 1]" = torch.ops.aten.view.default(mm_36, [128, 512, 50304]);  mm_36 = None
        
         # File: /home/nlp/matan_avitan/git/nopos_locating_new/nanoGPT/model_nope.py:449 in forward, code: logits.view(-1, logits.size(-1)), targets.view(-1), ignore_index=-1
        view_230: "bf16[65536, 50304][50304, 1]" = torch.ops.aten.view.default(view_229, [-1, 50304])
        view_231: "i64[65536][1]" = torch.ops.aten.view.default(arg111_1, [-1]);  arg111_1 = None
        
         # File: /home/nlp/matan_avitan/git/nopos_locating_new/nanoGPT/model_nope.py:448 in forward, code: loss = F.cross_entropy(
        convert_element_type_292: "f32[65536, 50304][50304, 1]" = torch.ops.prims.convert_element_type.default(view_230, torch.float32);  view_230 = None
        amax_12: "f32[65536, 1][1, 1]" = torch.ops.aten.amax.default(convert_element_type_292, [1], True)
        sub_49: "f32[65536, 50304][50304, 1]" = torch.ops.aten.sub.Tensor(convert_element_type_292, amax_12);  convert_element_type_292 = amax_12 = None
        exp_12: "f32[65536, 50304][50304, 1]" = torch.ops.aten.exp.default(sub_49)
        sum_13: "f32[65536, 1][1, 1]" = torch.ops.aten.sum.dim_IntList(exp_12, [1], True);  exp_12 = None
        log: "f32[65536, 1][1, 1]" = torch.ops.aten.log.default(sum_13);  sum_13 = None
        sub_50: "f32[65536, 50304][50304, 1]" = torch.ops.aten.sub.Tensor(sub_49, log);  sub_49 = log = None
        convert_element_type_293: "bf16[65536, 50304][50304, 1]" = torch.ops.prims.convert_element_type.default(sub_50, torch.bfloat16);  sub_50 = None
        convert_element_type_294: "f32[65536, 50304][50304, 1]" = torch.ops.prims.convert_element_type.default(convert_element_type_293, torch.float32);  convert_element_type_293 = None
        ne: "b8[65536][1]" = torch.ops.aten.ne.Scalar(view_231, -1)
        scalar_tensor_12: "i64[][]" = torch.ops.aten.scalar_tensor.default(0, dtype = torch.int64, layout = torch.strided, device = device(type='cuda', index=0))
        where_12: "i64[65536][1]" = torch.ops.aten.where.self(ne, view_231, scalar_tensor_12);  ne = scalar_tensor_12 = None
        unsqueeze_72: "i64[65536, 1][1, 1]" = torch.ops.aten.unsqueeze.default(where_12, 1);  where_12 = None
        gather: "f32[65536, 1][1, 1]" = torch.ops.aten.gather.default(convert_element_type_294, 1, unsqueeze_72);  convert_element_type_294 = unsqueeze_72 = None
        squeeze: "f32[65536][1]" = torch.ops.aten.squeeze.dim(gather, 1);  gather = None
        neg: "f32[65536][1]" = torch.ops.aten.neg.default(squeeze);  squeeze = None
        ne_1: "b8[65536][1]" = torch.ops.aten.ne.Scalar(view_231, -1)
        scalar_tensor_13: "f32[][]" = torch.ops.aten.scalar_tensor.default(0, dtype = torch.float32, layout = torch.strided, device = device(type='cuda', index=0))
        where_13: "f32[65536][1]" = torch.ops.aten.where.self(ne_1, neg, scalar_tensor_13);  ne_1 = neg = scalar_tensor_13 = None
        ne_2: "b8[65536][1]" = torch.ops.aten.ne.Scalar(view_231, -1);  view_231 = None
        sum_14: "i64[][]" = torch.ops.aten.sum.default(ne_2);  ne_2 = None
        convert_element_type_295: "f32[][]" = torch.ops.prims.convert_element_type.default(sum_14, torch.float32);  sum_14 = None
        sum_15: "f32[][]" = torch.ops.aten.sum.default(where_13);  where_13 = None
        div_12: "f32[][]" = torch.ops.aten.div.Tensor(sum_15, convert_element_type_295);  sum_15 = convert_element_type_295 = None
        return (view_229, div_12)
        

Original traceback:
  File "/home/nlp/matan_avitan/git/nopos_locating_new/nanoGPT/model_nope.py", line 440, in forward
    x = block(x)
  File "/home/nlp/matan_avitan/git/nopos_locating_new/nanoGPT/model_nope.py", line 268, in forward
    x = x + self.attn(self.ln_1(x))
  File "/home/nlp/matan_avitan/git/nopos_locating_new/nanoGPT/model_nope.py", line 153, in forward
    torch.ones(T, T, device=x.device, dtype=torch.bool), diagonal=1


Set TORCHDYNAMO_VERBOSE=1 for the internal stack trace (please do this especially if you're reporting a bug to PyTorch). For even more developer context, set TORCH_LOGS="+dynamo"

[1;34mwandb[0m: 
[1;34mwandb[0m: 🚀 View run [33mnope-owt-bn2-12layer[0m at: [34m[0m
[1;34mwandb[0m: Find logs at: [1;35mwandb/run-20260112_183546-xrczq5ze/logs[0m
